Player,Season,Age,Squad,Country,Comp,MP,Playing Time : Starts,Playing Time : Min,Playing Time : 90s,Performance : Gls,Performance : Ast,Performance : G+A,Performance : G-PK,Performance : PK,Performance : PKatt,Performance : CrdY,Performance : CrdR,Expected : xG,Expected : npxG,Expected : xAG,Expected : npxG+xAG,Progression : PrgC,Progression : PrgP,Progression : PrgR,Per 90 Minutes : Gls,Per 90 Minutes : Ast,Per 90 Minutes : G+A,Per 90 Minutes : G-PK,Per 90 Minutes : G+A-PK,Per 90 Minutes : xG,Per 90 Minutes : xAG,Per 90 Minutes : xG+xAG,Per 90 Minutes : npxG,Per 90 Minutes : npxG+xAG,Matches,LgRank,Playing Time : MP
Jonathan Bamba,2014-2015,18,Saint-Étienne,fr FRA,Coupe de France,1,0,18,0.2,0,0,0,0,0,0,0,0,,,,,,,,0.00,0.00,0.00,0.00,0.00,,,,,,Matches,,
Jonathan Bamba,2015-2016,19,Saint-Étienne,fr FRA,1. Coupe de la Ligue,1,1,90,1.0,0,0,0,0,0,0,0,0,,,,,,,,0.00,0.00,0.00,0.00,0.00,,,,,,Matches,,
Jonathan Bamba,2016-2017,20,Angers,fr FRA,Coupe de France,3,1,127,1.4,0,0,0,0,0,0,1,0,,,,,,,,0.00,0.00,0.00,0.00,0.00,,,,,,Matches,,
Jonathan Bamba,2017-2018,21,Saint-Étienne,fr FRA,Coupe de France,2,1,108,1.2,1,1,2,1,0,0,0,0,,,,,,,,0.83,0.83,1.67,0.83,1.67,,,,,,Matches,,
Jonathan Bamba,2018-2019,22,Lille,fr FRA,Coupe de France,3,3,269,3.0,1,1,2,1,0,0,0,0,,,,,,,,0.33,0.33,0.67,0.33,0.67,,,,,,Matches,,
Jonathan Bamba,2019-2020,23,Lille,,1. Champions Lg,6,3,282,3.1,0,2,2,0,0,0,0,0,1.0,1.0,1.4,2.4,9,10,29,0.00,0.64,0.64,0.00,0.64,0.32,0.45,0.77,0.32,0.77,Matches,,
Jonathan Bamba,2020-2021,24,Lille,fr FRA,Coupe de France,2,0,58,0.6,0,0,0,0,0,0,0,0,,,,,,,,0.00,0.00,0.00,0.00,0.00,,,,,,Matches,,
Jonathan Bamba,2021-2022,25,Lille,,1. Champions Lg,6,5,469,5.2,0,0,0,0,0,0,3,0,0.3,0.3,0.5,0.8,17,18,32,0.00,0.00,0.00,0.00,0.00,0.05,0.10,0.15,0.05,0.15,Matches,,
Jonathan Bamba,2022-2023,26,Lille,fr FRA,Coupe de France,1,1,82,0.9,0,0,0,0,0,0,0,0,,,,,,,,0.00,0.00,0.00,0.00,0.00,,,,,,Matches,,
Jonathan Bamba,2023-2024,27,Celta Vigo,es ESP,Copa del Rey,1,1,45,0.5,2,0,2,2,0,0,0,0,,,,,,,,4.00,0.00,4.00,4.00,4.00,,,,,,Matches,,
Jonathan Bamba,2024-2025,28,Celta Vigo,es ESP,Copa del Rey,1,0,13,0.1,0,0,0,0,0,0,0,0,,,,,,,,0.00,0.00,0.00,0.00,0.00,,,,,,Matches,,
Zeki Celik,2018-2019,21,Lille,fr FRA,Coupe de France,2,2,180,2.0,0,0,0,0,0,0,0,0,,,,,,,,0.00,0.00,0.00,0.00,0.00,,,,,,Matches,,
Zeki Celik,2019-2020,22,Lille,,1. Champions Lg,6,6,540,6.0,0,0,0,0,0,0,2,0,0.3,0.3,1.1,1.4,17,23,46,0.00,0.00,0.00,0.00,0.00,0.05,0.18,0.23,0.05,0.23,Matches,,
Zeki Celik,2020-2021,23,Lille,fr FRA,Coupe de France,2,1,97,1.1,0,0,0,0,0,0,0,0,,,,,,,,0.00,0.00,0.00,0.00,0.00,,,,,,Matches,,
Zeki Celik,2021-2022,24,Lille,,1. Champions Lg,7,7,589,6.5,0,1,1,0,0,0,1,0,0.2,0.2,0.2,0.3,10,33,25,0.00,0.15,0.15,0.00,0.15,0.02,0.02,0.05,0.02,0.05,Matches,,
Zeki Celik,2022-2023,25,Roma,it ITA,Coppa Italia,2,1,106,1.2,0,0,0,0,0,0,0,0,,,,,,,,0.00,0.00,0.00,0.00,0.00,,,,,,Matches,,
Zeki Celik,2023-2024,26,Roma,it ITA,Coppa Italia,1,1,45,0.5,0,0,0,0,0,0,1,0,,,,,,,,0.00,0.00,0.00,0.00,0.00,,,,,,Matches,,
Zeki Celik,2024-2025,27,Roma,it ITA,Coppa Italia,1,1,90,1.0,0,0,0,0,0,0,0,0,,,,,,,,0.00,0.00,0.00,0.00,0.00,,,,,,Matches,,
Jonathan Ikone,2016-2017,18,Paris S-G,,1. Champions Lg,1,0,2,0.0,0,0,0,0,0,0,0,0,,,,,,,,0.00,0.00,0.00,0.00,0.00,,,,,,Matches,,
Jonathan Ikone,2017-2018,19,Montpellier,fr FRA,Coupe de France,2,2,143,1.6,1,0,1,1,0,0,0,0,,,,,,,,0.63,0.00,0.63,0.63,0.63,,,,,,Matches,,
Jonathan Ikone,2018-2019,20,Lille,fr FRA,Coupe de France,2,2,164,1.8,0,1,1,0,0,0,0,0,,,,,,,,0.00,0.55,0.55,0.00,0.55,,,,,,Matches,,
Jonathan Ikone,2019-2020,21,Lille,,1. Champions Lg,4,3,239,2.7,1,0,1,1,0,0,1,0,1.2,1.2,1.2,2.4,8,12,21,0.38,0.00,0.38,0.38,0.38,0.45,0.46,0.92,0.45,0.92,Matches,,
Jonathan Ikone,2020-2021,22,Lille,fr FRA,Coupe de France,3,0,80,0.9,0,0,0,0,0,0,1,0,,,,,,,,0.00,0.00,0.00,0.00,0.00,,,,,,Matches,,
Jonathan Ikone,2021-2022,23,Lille,,1. Champions Lg,5,3,297,3.3,1,2,3,1,0,0,4,0,1.2,1.2,1.0,2.2,14,13,31,0.30,0.61,0.91,0.30,0.91,0.36,0.29,0.65,0.36,0.65,Matches,,
Jonathan Ikone,2022-2023,24,Fiorentina,,3. Conf Lg,11,6,606,6.7,1,2,3,1,0,0,4,1,2.1,2.1,1.5,3.7,31,20,87,0.15,0.30,0.45,0.15,0.45,0.34,0.24,0.57,0.34,0.57,Matches,,
Jonathan Ikone,2023-2024,25,Fiorentina,,3. Conf Lg,11,4,476,5.3,2,1,3,2,0,0,1,0,1.6,1.6,1.1,2.7,19,17,60,0.38,0.19,0.57,0.38,0.57,0.35,0.24,0.59,0.35,0.59,Matches,,
Jonathan Ikone,2024-2025,26,Fiorentina,,3. Conf Lg,6,6,483,5.4,4,0,4,4,0,0,0,0,3.0,3.0,1.3,4.3,29,29,64,0.75,0.00,0.75,0.75,0.75,0.56,0.25,0.81,0.56,0.81,Matches,,
Reinildo Mandava,2018-2019,24,Lille,fr FRA,1. Ligue 1,3,1,97,1.1,0,0,0,0,0,0,0,0,0.0,0.0,0.3,0.3,2,4,8,0.00,0.00,0.00,0.00,0.00,0.00,0.25,0.25,0.00,0.25,Matches,,
Reinildo Mandava,2019-2020,25,Lille,,1. Champions Lg,2,2,180,2.0,0,0,0,0,0,0,1,0,0.0,0.0,0.0,0.0,5,6,9,0.00,0.00,0.00,0.00,0.00,0.00,0.00,0.00,0.00,0.00,Matches,,
Reinildo Mandava,2020-2021,26,Lille,fr FRA,Coupe de France,0,0,,,,,,,,,,,,,,,,,,,,,,,,,,,,Matches,,
Reinildo Mandava,2021-2022,27,Lille,,1. Champions Lg,6,5,457,5.1,0,0,0,0,0,0,1,0,0.0,0.0,0.2,0.2,11,13,8,0.00,0.00,0.00,0.00,0.00,0.00,0.03,0.03,0.00,0.03,Matches,,
Reinildo Mandava,2022-2023,28,Atlético Madrid,,1. Champions Lg,6,6,511,5.7,0,0,0,0,0,0,2,0,0.3,0.1,0.1,0.2,12,34,18,0.00,0.00,0.00,0.00,0.00,0.05,0.02,0.07,0.01,0.03,Matches,,
Reinildo Mandava,2023-2024,29,Atlético Madrid,,1. Champions Lg,1,0,23,0.3,0,0,0,0,0,0,0,0,0.0,0.0,0.0,0.0,1,1,1,0.00,0.00,0.00,0.00,0.00,0.00,0.00,0.00,0.00,0.00,Matches,,
Reinildo Mandava,2024-2025,30,Atlético Madrid,,1. Champions Lg,4,2,225,2.5,0,0,0,0,0,0,1,0,0.0,0.0,0.0,0.0,8,12,5,0.00,0.00,0.00,0.00,0.00,0.00,0.01,0.01,0.00,0.01,Matches,,
Burak Yilmaz,2010-2011,25,Trabzonspor,tr TUR,1. Süper Lig,30,27,2304,25.6,19,2,21,17,2,4,12,0,,,,,,,,0.74,0.08,0.82,0.66,0.74,,,,,,Matches,,
Burak Yilmaz,2011-2012,26,Trabzonspor,,1. Champions Lg,3,3,270,3.0,0,0,0,0,0,0,0,0,,,,,,,,0.00,0.00,0.00,0.00,0.00,,,,,,Matches,,
Burak Yilmaz,2012-2013,27,Galatasaray,,1. Champions Lg,9,8,766,8.5,8,0,8,8,0,0,3,0,,,,,,,,0.94,0.00,0.94,0.94,0.94,,,,,,Matches,,
Burak Yilmaz,2013-2014,28,Galatasaray,,1. Champions Lg,6,6,484,5.4,0,0,0,0,0,0,0,0,,,,,,,,0.00,0.00,0.00,0.00,0.00,,,,,,Matches,,
Burak Yilmaz,2014-2015,29,Galatasaray,,1. Champions Lg,6,5,411,4.6,2,0,2,1,1,1,0,0,,,,,,,,0.44,0.00,0.44,0.22,0.22,,,,,,Matches,,
Burak Yilmaz,2015-2016,30,Galatasaray,,1. Champions Lg,4,3,266,3.0,0,1,1,0,0,0,4,0,,,,,,,,0.00,0.34,0.34,0.00,0.34,,,,,,Matches,,
Burak Yilmaz,2017-2018,32,Trabzonspor,tr TUR,1. Süper Lig,25,25,2163,24.0,23,3,26,17,6,6,7,0,,,,,,,,0.96,0.12,1.08,0.71,0.83,,,,,,Matches,,
Burak Yilmaz,2018-2019,33,Beşiktaş,tr TUR,1. Süper Lig,15,15,1266,14.1,11,1,12,9,2,2,4,0,,,,,,,,0.78,0.07,0.85,0.64,0.71,,,,,,Matches,,
Burak Yilmaz,2019-2020,34,Beşiktaş,tr TUR,1. Süper Lig,25,24,2055,22.8,13,7,20,7,6,6,4,0,,,,,,,,0.57,0.31,0.88,0.31,0.61,,,,,,Matches,,
Burak Yilmaz,2020-2021,35,Lille,fr FRA,Coupe de France,1,1,45,0.5,0,0,0,0,0,0,0,0,,,,,,,,0.00,0.00,0.00,0.00,0.00,,,,,,Matches,,
Burak Yilmaz,2021-2022,36,Lille,,1. Champions Lg,7,6,529,5.9,3,0,3,2,1,1,2,0,3.4,2.6,0.2,2.8,13,9,40,0.51,0.00,0.51,0.34,0.34,0.58,0.04,0.61,0.44,0.48,Matches,,
Burak Yilmaz,2022-2023,37,Fortuna Sittard,nl NED,1. Eredivisie,26,24,2218,24.6,9,4,13,3,6,6,8,0,12.1,7.6,1.9,9.5,36,48,153,0.37,0.16,0.53,0.12,0.28,0.49,0.08,0.57,0.31,0.39,Matches,,
Renato Sanches,2015-2016,17,Benfica,,1. Champions Lg,6,6,540,6.0,0,0,0,0,0,0,0,0,,,,,,,,0.00,0.00,0.00,0.00,0.00,,,,,,Matches,,
Renato Sanches,2016-2017,18,Bayern Munich,de GER,1. Bundesliga,17,6,621,6.9,0,0,0,0,0,0,3,0,,,,,,,,0.00,0.00,0.00,0.00,0.00,,,,,,Matches,,
Renato Sanches,2017-2018,19,Bayern Munich,de GER,1. Bundesliga,0,0,,,,,,,,,,,,,,,,,,,,,,,,,,,,Matches,,
Renato Sanches,2018-2019,20,Bayern Munich,de GER,1. Bundesliga,17,4,577,6.4,1,1,2,1,0,0,2,1,0.9,0.9,0.9,1.8,26,38,27,0.16,0.16,0.31,0.16,0.31,0.13,0.14,0.27,0.13,0.27,Matches,,
Renato Sanches,2019-2020,21,Bayern Munich,de GER,1. Bundesliga,1,0,6,0.1,0,0,0,0,0,0,0,0,0.0,0.0,0.0,0.0,0,0,1,0.00,0.00,0.00,0.00,0.00,0.00,0.00,0.00,0.00,0.00,Matches,,
Renato Sanches,2020-2021,22,Lille,fr FRA,Coupe de France,2,1,95,1.1,0,1,1,0,0,0,0,0,,,,,,,,0.00,0.95,0.95,0.00,0.95,,,,,,Matches,,
Renato Sanches,2021-2022,23,Lille,,1. Champions Lg,5,5,404,4.5,0,0,0,0,0,0,0,0,0.5,0.5,0.2,0.7,8,29,15,0.00,0.00,0.00,0.00,0.00,0.11,0.04,0.15,0.11,0.15,Matches,,
Renato Sanches,2022-2023,24,Paris S-G,,1. Champions Lg,3,1,141,1.6,0,0,0,0,0,0,0,0,0.0,0.0,0.0,0.0,2,5,3,0.00,0.00,0.00,0.00,0.00,0.00,0.00,0.00,0.00,0.00,Matches,,
Renato Sanches,2023-2024,25,Roma,it ITA,Coppa Italia,0,0,,,,,,,,,,,,,,,,,,,,,,,,,,,,Matches,,
Renato Sanches,2024-2025,26,Benfica,,1. Champions Lg,2,1,104,1.2,0,0,0,0,0,0,1,0,0.0,0.0,0.0,0.0,1,3,1,0.00,0.00,0.00,0.00,0.00,0.02,0.00,0.02,0.02,0.02,Matches,,
Timothy Weah,2017-2018,17,Paris S-G,fr FRA,Coupe de France,0,0,,,,,,,,,,,,,,,,,,,,,,,,,,,,Matches,,
Timothy Weah,2018-2019,18,Celtic,,2. Europa Lg,1,0,32,0.4,0,0,0,0,0,0,0,0,0.0,0.0,0.0,0.0,0,1,1,0.00,0.00,0.00,0.00,0.00,0.13,0.00,0.13,0.13,0.13,Matches,,
Timothy Weah,2019-2020,19,Lille,fr FRA,1. Ligue 1,3,1,85,0.9,0,0,0,0,0,0,1,0,0.0,0.0,0.3,0.4,1,5,5,0.00,0.00,0.00,0.00,0.00,0.04,0.35,0.39,0.04,0.39,Matches,,
Timothy Weah,2020-2021,20,Lille,fr FRA,Coupe de France,3,3,204,2.3,0,0,0,0,0,0,1,0,,,,,,,,0.00,0.00,0.00,0.00,0.00,,,,,,Matches,,
Timothy Weah,2021-2022,21,Lille,,1. Champions Lg,5,3,254,2.8,0,0,0,0,0,0,0,0,0.2,0.2,0.0,0.2,11,9,20,0.00,0.00,0.00,0.00,0.00,0.06,0.02,0.08,0.06,0.08,Matches,,
Timothy Weah,2022-2023,22,Lille,fr FRA,Coupe de France,3,2,196,2.2,0,0,0,0,0,0,0,0,,,,,,,,0.00,0.00,0.00,0.00,0.00,,,,,,Matches,,
Timothy Weah,2023-2024,23,Juventus,it ITA,Coppa Italia,5,1,136,1.5,1,1,2,1,0,0,1,0,,,,,,,,0.66,0.66,1.32,0.66,1.32,,,,,,Matches,,
Timothy Weah,2024-2025,24,Juventus,,1. Champions Lg,5,1,193,2.1,0,1,1,0,0,0,1,0,0.0,0.0,0.6,0.6,9,6,15,0.00,0.47,0.47,0.00,0.47,0.02,0.26,0.28,0.02,0.28,Matches,,
Rocco Ascone,2020-2021,16,Lille,fr FRA,Coupe de France,0,0,,,,,,,,,,,,,,,,,,,,,,,,,,,,Matches,,
Rocco Ascone,2021-2022,17,Lille,,1. Champions Lg,0,0,,,,,,,,,,,,,,,,,,,,,,,,,,,,Matches,,
Rocco Ascone,2022-2023,18,Nordsjælland,dk DEN,1. Danish Superliga,12,5,349,3.9,2,0,2,2,0,0,1,0,,,,,,,,0.52,0.00,0.52,0.52,0.52,,,,,,Matches,,
Rocco Ascone,2023-2024,19,Nordsjælland,,3. Conf Lg,1,0,5,0.1,0,0,0,0,0,0,1,0,0.0,0.0,0.0,0.0,0,0,0,0.00,0.00,0.00,0.00,0.00,0.00,0.00,0.00,0.00,0.00,Matches,,
Rocco Ascone,2024-2025,20,Nordsjælland,dk DEN,1. Danish Superliga,0,0,,,,,,,,,,,,,,,,,,,,,,,,,,,,Matches,,
Jose Bica,2020-2021,17,Lille,fr FRA,Coupe de France,0,0,,,,,,,,,,,,,,,,,,,,,,,,,,,,Matches,,
Jose Bica,2021-2022,18,Lille,fr FRA,Coupe de France,0,0,,,,,,,,,,,,,,,,,,,,,,,,,,,,Matches,,
Jose Bica,2024-2025,21,Vitória,,3. Conf Lg,3,0,44,0.5,0,0,0,0,0,0,0,0,1.5,1.5,0.1,1.6,2,2,7,0.00,0.00,0.00,0.00,0.00,2.99,0.18,3.18,2.99,3.18,Matches,,
Nassim Innocenti,2020-2021,18,Lille,fr FRA,Coupe de France,0,0,,,,,,,,,,,,,,,,,,,,,,,,,,,,Matches,,
Nassim Innocenti,2022-2023,20,Valenciennes,fr FRA,Coupe de France,2,2,166,1.8,0,0,0,0,0,0,0,0,,,,,,,,0.00,0.00,0.00,0.00,0.00,,,,,,Matches,,
Cheikh Niasse,2018-2019,18,Lille,fr FRA,Coupe de France,0,0,,,,,,,,,,,,,,,,,,,,,,,,,,,,Matches,,
Cheikh Niasse,2019-2020,19,Lille,fr FRA,Coupe de France,0,0,,,,,,,,,,,,,,,,,,,,,,,,,,,,Matches,,
Cheikh Niasse,2020-2021,20,Lille,,2. Europa Lg,1,1,70,0.8,0,0,0,0,0,0,0,0,0.0,0.0,0.0,0.0,2,4,2,0.00,0.00,0.00,0.00,0.00,0.00,0.00,0.00,0.00,0.00,Matches,,
Cheikh Niasse,2021-2022,21,Lille,,1. Champions Lg,0,0,,,,,,,,,,,,,,,,,,,,,,,,,,,,Matches,,
Cheikh Niasse,2022-2023,22,Young Boys,ch SUI,1. Super Lg,26,20,1689,18.8,0,1,1,0,0,0,7,0,,,,,,,,0.00,0.05,0.05,0.00,0.05,,,,,,Matches,,
Cheikh Niasse,2023-2024,23,Young Boys,,1. Champions Lg,6,6,534,5.9,0,1,1,0,0,0,1,0,0.3,0.3,0.3,0.6,2,16,4,0.00,0.17,0.17,0.00,0.17,0.05,0.05,0.09,0.05,0.09,Matches,,
Cheikh Niasse,2024-2025,24,Young Boys,,1. Champions Lg,4,3,258,2.9,0,1,1,0,0,0,2,0,0.0,0.0,0.1,0.1,6,14,2,0.00,0.35,0.35,0.00,0.35,0.02,0.02,0.03,0.02,0.03,Matches,,
Eugenio Pizzuto,2019-2020,17,Pachuca,mx MEX,1. Liga MX,1,0,33,0.4,0,0,0,0,0,0,0,0,0.0,0.0,0.0,0.0,0,1,1,0.00,0.00,0.00,0.00,0.00,0.00,0.00,0.00,0.00,0.00,Matches,10th,
Eugenio Pizzuto,2020-2021,18,Lille,fr FRA,1. Ligue 1,0,0,,,,,,,,,,,,,,,,,,,,,,,,,,,,Matches,1st,
Eugenio Pizzuto,2023-2024,21,UANL,mx MEX,1. Liga MX,2,0,24,0.3,0,0,0,0,0,0,0,0,0.0,0.0,0.0,0.0,1,2,1,0.00,0.00,0.00,0.00,0.00,0.04,0.00,0.04,0.04,0.04,Matches,3rd,
Eugenio Pizzuto,2024-2025,22,UANL,mx MEX,1. Liga MX,0,0,,,,,,,,,,,,,,,,,,,,,,,,,,,,Matches,3rd,
Usman Simbakoli,2020-2021,19,Stade Laval,fr FRA,Coupe de France,2,2,145,1.6,1,0,1,1,0,0,0,0,,,,,,,,0.62,0.00,0.62,0.62,0.62,,,,,,Matches,,
Usman Simbakoli,2024-2025,23,Servette FC,ch SUI,1. Super Lg,13,3,333,3.7,1,1,2,1,0,0,1,0,,,,,,,,0.27,0.27,0.54,0.27,0.54,,,,,,Matches,,
Kylian Mbappe,2015-2016,16,Monaco,fr FRA,1. Coupe de la Ligue,1,1,90,1.0,0,0,0,0,0,0,0,0,,,,,,,,0.00,0.00,0.00,0.00,0.00,,,,,,Matches,,
Kylian Mbappe,2016-2017,17,Monaco,,1. Champions Lg,9,6,536,6.0,6,0,6,6,0,0,0,0,,,,,,,,1.01,0.00,1.01,1.01,1.01,,,,,,Matches,,
Kylian Mbappe,2017-2018,18,Paris S-G,,1. Champions Lg,8,8,658,7.3,4,3,7,4,0,0,1,0,4.1,4.1,3.2,7.3,38,20,78,0.55,0.41,0.96,0.55,0.96,0.56,0.45,1.01,0.56,1.01,Matches,,
Kylian Mbappe,2018-2019,19,Paris S-G,,1. Champions Lg,8,8,699,7.8,4,5,9,4,0,0,1,0,5.8,5.8,4.9,10.7,36,18,84,0.52,0.64,1.16,0.52,1.16,0.75,0.63,1.38,0.75,1.38,Matches,,
Kylian Mbappe,2019-2020,20,Paris S-G,,1. Champions Lg,10,6,654,7.3,5,5,10,5,0,0,1,0,8.2,8.2,4.4,12.6,44,23,86,0.69,0.69,1.38,0.69,1.38,1.13,0.61,1.73,1.13,1.73,Matches,,
Kylian Mbappe,2020-2021,21,Paris S-G,,1. Champions Lg,10,10,899,10.0,8,3,11,6,2,2,0,0,7.3,5.7,4.2,9.9,56,23,77,0.80,0.30,1.10,0.60,0.90,0.73,0.42,1.15,0.57,0.99,Matches,,
Kylian Mbappe,2021-2022,22,Paris S-G,,1. Champions Lg,8,8,671,7.5,6,4,10,6,0,1,1,0,5.0,4.2,1.7,5.9,53,22,73,0.80,0.54,1.34,0.80,1.34,0.67,0.22,0.89,0.57,0.79,Matches,,
Kylian Mbappe,2022-2023,23,Paris S-G,,1. Champions Lg,8,7,651,7.2,7,3,10,6,1,1,0,0,3.6,2.8,1.1,3.9,45,32,93,0.97,0.41,1.38,0.83,1.24,0.50,0.15,0.65,0.39,0.54,Matches,,
Kylian Mbappe,2023-2024,24,Paris S-G,,1. Champions Lg,12,12,1080,12.0,8,0,8,5,3,3,1,0,8.0,5.7,4.5,10.2,73,60,142,0.67,0.00,0.67,0.42,0.42,0.66,0.38,1.04,0.47,0.85,Matches,,
Kylian Mbappe,2024-2025,25,Real Madrid,,1. Champions Lg,6,5,428,4.8,2,1,3,2,0,1,0,0,4.4,3.6,0.5,4.2,27,13,45,0.42,0.21,0.63,0.42,0.63,0.93,0.11,1.04,0.76,0.88,Matches,,
Presnel Kimpembe,2014-2015,18,Paris S-G,,1. Champions Lg,0,0,,,,,,,,,,,,,,,,,,,,,,,,,,,,Matches,,
Presnel Kimpembe,2015-2016,19,Paris S-G,,1. Champions Lg,0,0,,,,,,,,,,,,,,,,,,,,,,,,,,,,Matches,,
Presnel Kimpembe,2016-2017,20,Paris S-G,,1. Champions Lg,1,1,90.0,1.0,0.0,0.0,0.0,0.0,0.0,0.0,0.0,0.0,,,,,,,,0.0,0.0,0.0,0.0,0.0,,,,,,Matches,,
Presnel Kimpembe,2017-2018,21,Paris S-G,,1. Champions Lg,3,2,198.0,2.2,0.0,0.0,0.0,0.0,0.0,0.0,0.0,0.0,0.1,0.1,0.0,0.2,0.0,4.0,0.0,0.0,0.0,0.0,0.0,0.0,0.07,0.01,0.08,0.07,0.08,Matches,,
Presnel Kimpembe,2018-2019,22,Paris S-G,,1. Champions Lg,8,7,648.0,7.2,1.0,0.0,1.0,1.0,0.0,0.0,1.0,0.0,0.6,0.6,0.1,0.7,5.0,22.0,3.0,0.14,0.0,0.14,0.14,0.14,0.09,0.01,0.1,0.09,0.1,Matches,,
Presnel Kimpembe,2019-2020,23,Paris S-G,,1. Champions Lg,10,10,900.0,10.0,0.0,0.0,0.0,0.0,0.0,0.0,1.0,0.0,0.0,0.0,0.0,0.0,1.0,39.0,2.0,0.0,0.0,0.0,0.0,0.0,0.0,0.0,0.0,0.0,0.0,Matches,,
Presnel Kimpembe,2020-2021,24,Paris S-G,,1. Champions Lg,11,11,978.0,10.9,0.0,0.0,0.0,0.0,0.0,0.0,3.0,1.0,0.0,0.0,0.0,0.0,0.0,17.0,1.0,0.0,0.0,0.0,0.0,0.0,0.0,0.0,0.0,0.0,0.0,Matches,,
Presnel Kimpembe,2021-2022,25,Paris S-G,,1. Champions Lg,7,7,630.0,7.0,0.0,0.0,0.0,0.0,0.0,0.0,3.0,0.0,0.0,0.0,0.0,0.0,2.0,10.0,1.0,0.0,0.0,0.0,0.0,0.0,0.0,0.01,0.01,0.0,0.01,Matches,,
Presnel Kimpembe,2022-2023,26,Paris S-G,,1. Champions Lg,3,1,147.0,1.6,0.0,0.0,0.0,0.0,0.0,0.0,1.0,0.0,0.0,0.0,0.0,0.0,1.0,1.0,0.0,0.0,0.0,0.0,0.0,0.0,0.0,0.0,0.0,0.0,0.0,Matches,,
Angel Di Maria,2010-2011,22,Real Madrid,,1. Champions Lg,10,8,724,8.0,3,3,6,3,0,0,2,0,,,,,,,,0.37,0.37,0.75,0.37,0.75,,,,,,Matches,,
Angel Di Maria,2011-2012,23,Real Madrid,,1. Champions Lg,7,5,455,5.1,2,1,3,2,0,0,1,0,,,,,,,,0.40,0.20,0.59,0.40,0.59,,,,,,Matches,,
Angel Di Maria,2012-2013,24,Real Madrid,,1. Champions Lg,11,9,796,8.8,0,4,4,0,0,0,0,0,,,,,,,,0.00,0.45,0.45,0.00,0.45,,,,,,Matches,,
Angel Di Maria,2013-2014,25,Real Madrid,,1. Champions Lg,11,9,822,9.1,3,6,9,3,0,1,1,0,,,,,,,,0.33,0.66,0.99,0.33,0.99,,,,,,Matches,,
Angel Di Maria,2014-2015,26,Manchester Utd,eng ENG,FA Cup,5,4,356,4.0,1,1,2,1,0,0,2,1,,,,,,,,0.25,0.25,0.51,0.25,0.51,,,,,,Matches,,
Angel Di Maria,2015-2016,27,Paris S-G,,1. Champions Lg,10,9,767,8.5,3,3,6,3,0,0,0,0,,,,,,,,0.35,0.35,0.70,0.35,0.70,,,,,,Matches,,
Angel Di Maria,2016-2017,28,Paris S-G,,1. Champions Lg,7,6,540,6.0,4,1,5,4,0,0,0,0,,,,,,,,0.67,0.17,0.83,0.67,0.83,,,,,,Matches,,
Angel Di Maria,2017-2018,29,Paris S-G,,1. Champions Lg,5,1,143,1.6,1,1,2,1,0,0,0,0,0.8,0.8,0.3,1.1,9,4,20,0.63,0.63,1.26,0.63,1.26,0.52,0.18,0.70,0.52,0.70,Matches,,
Angel Di Maria,2018-2019,30,Paris S-G,,1. Champions Lg,8,8,656,7.3,2,3,5,2,0,0,1,0,1.5,1.5,3.8,5.3,23,46,48,0.27,0.41,0.69,0.27,0.69,0.21,0.52,0.73,0.21,0.73,Matches,,
Angel Di Maria,2019-2020,31,Paris S-G,,1. Champions Lg,9,9,744,8.3,3,6,9,3,0,0,3,0,2.7,2.7,5.1,7.8,27,40,70,0.36,0.73,1.09,0.36,1.09,0.33,0.62,0.94,0.33,0.94,Matches,,
Angel Di Maria,2020-2021,32,Paris S-G,,1. Champions Lg,10,8,691,7.7,1,4,5,1,0,1,0,1,2.4,1.6,2.1,3.7,29,40,54,0.13,0.52,0.65,0.13,0.65,0.31,0.27,0.59,0.21,0.48,Matches,,
Angel Di Maria,2021-2022,33,Paris S-G,,1. Champions Lg,5,3,259,2.9,0,1,1,0,0,0,0,0,1.0,1.0,1.7,2.7,5,10,20,0.00,0.35,0.35,0.00,0.35,0.34,0.59,0.94,0.34,0.94,Matches,,
Angel Di Maria,2022-2023,34,Juventus,,1. Champions Lg,3,2,146,1.6,0,3,3,0,0,0,0,0,0.3,0.3,1.8,2.1,7,12,13,0.00,1.85,1.85,0.00,1.85,0.20,1.12,1.31,0.20,1.31,Matches,,
Angel Di Maria,2023-2024,35,Benfica,,1. Champions Lg,5,5,412,4.6,1,1,2,1,0,0,0,0,0.3,0.3,1.8,2.2,19,27,33,0.22,0.22,0.44,0.22,0.44,0.08,0.40,0.48,0.08,0.48,Matches,,
Angel Di Maria,2024-2025,36,Benfica,,1. Champions Lg,6,5,435,4.8,1,2,3,0,1,1,0,0,2.0,1.2,2.6,3.8,21,29,36,0.21,0.41,0.62,0.00,0.41,0.41,0.53,0.95,0.25,0.79,Matches,,
Ander Herrera,2010-2011,20,Zaragoza,es ESP,1. La Liga,33,30,2604,28.9,2,2,4,2,0,0,13,2,,,,,,,,0.07,0.07,0.14,0.07,0.14,,,,,,Matches,,
Ander Herrera,2011-2012,21,Athletic Club,,2. Europa Lg,12,11,831,9.2,1,1,2,1,0,0,3,0,,,,,,,,0.11,0.11,0.22,0.11,0.22,,,,,,Matches,,
Ander Herrera,2012-2013,22,Athletic Club,,2. Europa Lg,3,2,208,2.3,1,0,1,1,0,0,2,0,,,,,,,,0.43,0.00,0.43,0.43,0.43,,,,,,Matches,,
Ander Herrera,2013-2014,23,Athletic Club,es ESP,1. La Liga,33,31,2547,28.3,5,5,10,5,0,0,7,0,,,,,,,,0.18,0.18,0.35,0.18,0.35,,,,,,Matches,,
Ander Herrera,2014-2015,24,Manchester Utd,eng ENG,FA Cup,5,3,270,3.0,2,0,2,2,0,0,2,0,,,,,,,,0.67,0.00,0.67,0.67,0.67,,,,,,Matches,,
Ander Herrera,2015-2016,25,Manchester Utd,,1. Champions Lg,3,2,166,1.8,0,0,0,0,0,0,1,0,,,,,,,,0.00,0.00,0.00,0.00,0.00,,,,,,Matches,,
Ander Herrera,2016-2017,26,Manchester Utd,eng ENG,Community Shield,1,0,30,0.3,0,0,0,0,0,0,0,0,,,,,,,,0.00,0.00,0.00,0.00,0.00,,,,,,Matches,,
Ander Herrera,2017-2018,27,Manchester Utd,,1. Champions Lg,6,5,376,4.2,0,0,0,0,0,0,0,0,0.1,0.1,0.9,1.0,1,24,10,0.00,0.00,0.00,0.00,0.00,0.02,0.21,0.23,0.02,0.23,Matches,,
Ander Herrera,2018-2019,28,Manchester Utd,,1. Champions Lg,2,2,168,1.9,0,0,0,0,0,0,2,0,0.2,0.2,0.1,0.2,2,9,4,0.00,0.00,0.00,0.00,0.00,0.09,0.04,0.12,0.09,0.12,Matches,,
Ander Herrera,2019-2020,29,Paris S-G,,1. Champions Lg,6,4,324,3.6,0,0,0,0,0,0,2,0,0.1,0.1,1.0,1.1,3,14,5,0.00,0.00,0.00,0.00,0.00,0.02,0.29,0.30,0.02,0.30,Matches,,
Ander Herrera,2020-2021,30,Paris S-G,,1. Champions Lg,10,5,539,6.0,0,0,0,0,0,0,3,0,0.3,0.2,0.5,0.7,5,31,12,0.00,0.00,0.00,0.00,0.00,0.05,0.08,0.13,0.04,0.12,Matches,,
Ander Herrera,2021-2022,31,Paris S-G,,1. Champions Lg,6,4,326,3.6,1,0,1,1,0,0,1,0,0.1,0.1,0.2,0.3,1,19,9,0.28,0.00,0.28,0.28,0.28,0.04,0.05,0.09,0.04,0.09,Matches,,
Ander Herrera,2022-2023,32,Athletic Club,es ESP,Copa del Rey,3,2,160,1.8,0,0,0,0,0,0,0,0,,,,,,,,0.00,0.00,0.00,0.00,0.00,,,,,,Matches,,
Ander Herrera,2023-2024,33,Athletic Club,es ESP,Copa del Rey,4,2,213,2.4,0,0,0,0,0,0,1,0,,,,,,,,0.00,0.00,0.00,0.00,0.00,,,,,,Matches,,
Ander Herrera,2024-2025,34,Athletic Club,,2. Europa Lg,5,0,95,1.1,0,0,0,0,0,0,0,0,0.0,0.0,0.1,0.1,0,3,1,0.00,0.00,0.00,0.00,0.00,0.02,0.07,0.09,0.02,0.09,Matches,,
Alessandro Florenzi,2010-2011,19,Roma,it ITA,1. Serie A,1,0,5,0.1,0,0,0,0,0,0,0,0,,,,,,,,0.00,0.00,0.00,0.00,0.00,,,,,,Matches,,
Alessandro Florenzi,2011-2012,20,Crotone,it ITA,2. Serie B,35,33,2868,31.9,11,2,13,11,0,0,8,0,,,,,,,,0.35,0.06,0.41,0.35,0.41,,,,,,,,
Alessandro Florenzi,2012-2013,21,Roma,it ITA,1. Serie A,36,25,2145,23.8,3,4,7,3,0,0,3,0,,,,,,,,0.13,0.17,0.29,0.13,0.29,,,,,,Matches,,
Alessandro Florenzi,2013-2014,22,Roma,it ITA,1. Serie A,37,22,1893,21.0,6,7,13,6,0,0,4,0,,,,,,,,0.29,0.33,0.62,0.29,0.62,,,,,,Matches,,
Alessandro Florenzi,2014-2015,23,Roma,,1. Champions Lg,6,3,351,3.9,0,0,0,0,0,0,0,0,,,,,,,,0.00,0.00,0.00,0.00,0.00,,,,,,Matches,,
Alessandro Florenzi,2015-2016,24,Roma,,1. Champions Lg,8,8,646,7.2,1,0,1,1,0,0,0,0,,,,,,,,0.14,0.00,0.14,0.14,0.14,,,,,,Matches,,
Alessandro Florenzi,2016-2017,25,Roma,,2. Europa Lg,3,1,122,1.4,1,0,1,1,0,0,0,0,,,,,,,,0.74,0.00,0.74,0.74,0.74,,,,,,Matches,,
Alessandro Florenzi,2017-2018,26,Roma,,1. Champions Lg,10,8,708,7.9,0,0,0,0,0,0,2,0,0.2,0.2,1.0,1.2,23,43,37,0.00,0.00,0.00,0.00,0.00,0.02,0.13,0.15,0.02,0.15,Matches,,
Alessandro Florenzi,2018-2019,27,Roma,,1. Champions Lg,8,6,619,6.9,0,1,1,0,0,0,1,0,1.1,1.1,0.5,1.6,10,40,41,0.00,0.15,0.15,0.00,0.15,0.17,0.08,0.25,0.17,0.25,Matches,,
Alessandro Florenzi,2019-2020,28,Valencia,,1. Champions Lg,1,0,12,0.1,0,0,0,0,0,0,0,0,0.0,0.0,0.0,0.0,0,2,2,0.00,0.00,0.00,0.00,0.00,0.00,0.00,0.00,0.00,0.00,Matches,,
Alessandro Florenzi,2020-2021,29,Paris S-G,,1. Champions Lg,10,10,807,9.0,0,0,0,0,0,0,0,0,0.1,0.1,1.0,1.1,9,28,36,0.00,0.00,0.00,0.00,0.00,0.02,0.11,0.13,0.01,0.12,Matches,,
Alessandro Florenzi,2021-2022,30,Milan,,1. Champions Lg,4,0,92,1.0,0,0,0,0,0,0,0,0,0.1,0.1,0.1,0.2,0,5,2,0.00,0.00,0.00,0.00,0.00,0.10,0.06,0.16,0.10,0.16,Matches,,
Alessandro Florenzi,2022-2023,31,Milan,,1. Champions Lg,0,0,,,,,,,,,,,,,,,,,,,,,,,,,,,,Matches,,
Alessandro Florenzi,2023-2024,32,Milan,,1. Champions Lg,4,1,158,1.8,0,0,0,0,0,0,1,0,0.0,0.0,0.2,0.3,7,10,3,0.00,0.00,0.00,0.00,0.00,0.02,0.14,0.16,0.02,0.16,Matches,,
Marco Verratti,2010-2011,17,Pescara,it ITA,2. Serie B,28,15,1384,15.4,1,2,3,1,0,0,3,1,,,,,,,,0.07,0.13,0.20,0.07,0.20,,,,,,,,
Marco Verratti,2011-2012,18,Pescara,it ITA,2. Serie B,31,26,2341,26.0,0,6,6,0,0,0,12,2,,,,,,,,0.00,0.23,0.23,0.00,0.23,,,,,,,,
Marco Verratti,2012-2013,19,Paris S-G,,1. Champions Lg,9,6,598,6.6,0,0,0,0,0,0,3,0,,,,,,,,0.00,0.00,0.00,0.00,0.00,,,,,,Matches,,
Marco Verratti,2013-2014,20,Paris S-G,,1. Champions Lg,8,8,581,6.5,0,1,1,0,0,0,2,1,,,,,,,,0.00,0.15,0.15,0.00,0.15,,,,,,Matches,,
Marco Verratti,2014-2015,21,Paris S-G,,1. Champions Lg,7,7,546,6.1,1,0,1,1,0,0,3,0,,,,,,,,0.16,0.00,0.16,0.16,0.16,,,,,,Matches,,
Marco Verratti,2015-2016,22,Paris S-G,,1. Champions Lg,5,5,358,4.0,0,1,1,0,0,0,2,0,,,,,,,,0.00,0.25,0.25,0.00,0.25,,,,,,Matches,,
Marco Verratti,2016-2017,23,Paris S-G,,1. Champions Lg,7,7,599,6.7,0,2,2,0,0,0,3,2,,,,,,,,0.00,0.30,0.30,0.00,0.30,,,,,,Matches,,
Marco Verratti,2017-2018,24,Paris S-G,,1. Champions Lg,8,8,640,7.1,2,2,4,2,0,0,1,2,0.2,0.2,1.1,1.2,8,66,13,0.28,0.28,0.56,0.28,0.56,0.02,0.15,0.17,0.02,0.17,Matches,,
Marco Verratti,2018-2019,25,Paris S-G,,1. Champions Lg,7,7,598,6.6,0,0,0,0,0,0,2,0,0.1,0.1,0.1,0.3,16,39,4,0.00,0.00,0.00,0.00,0.00,0.02,0.02,0.04,0.02,0.04,Matches,,
Marco Verratti,2019-2020,26,Paris S-G,,1. Champions Lg,9,6,589,6.5,0,0,0,0,0,0,3,0,0.0,0.0,1.6,1.6,13,57,10,0.00,0.00,0.00,0.00,0.00,0.00,0.24,0.25,0.00,0.25,Matches,,
Marco Verratti,2020-2021,27,Paris S-G,,1. Champions Lg,7,6,500,5.6,0,2,2,0,0,0,3,0,0.1,0.1,1.0,1.1,14,37,13,0.00,0.36,0.36,0.00,0.36,0.02,0.18,0.20,0.02,0.20,Matches,,
Marco Verratti,2021-2022,28,Paris S-G,,1. Champions Lg,5,5,430,4.8,0,0,0,0,0,0,2,0,0.0,0.0,0.4,0.4,5,29,9,0.00,0.00,0.00,0.00,0.00,0.00,0.09,0.09,0.00,0.09,Matches,,
Marco Verratti,2022-2023,29,Paris S-G,,1. Champions Lg,7,7,623,6.9,0,1,1,0,0,0,4,0,0.1,0.1,0.4,0.5,12,45,12,0.00,0.14,0.14,0.00,0.14,0.01,0.06,0.07,0.01,0.07,Matches,,
Danilo Pereira,2011-2012,19,Parma,it ITA,1. Serie A,5,0,94,1.0,0,0,0,0,0,0,0,0,,,,,,,,0.00,0.00,0.00,0.00,0.00,,,,,,Matches,,
Danilo Pereira,2012-2013,20,Roda JC,nl NED,1. Eredivisie,31,29,2579,28.7,1,1,2,1,0,0,3,1,,,,,,,,0.03,0.03,0.07,0.03,0.07,,,,,,Matches,,
Danilo Pereira,2013-2014,21,Marítimo,pt POR,1. Primeira Liga,28,25,2264,25.2,1,0,1,1,0,0,7,0,,,,,,,,0.04,0.00,0.04,0.04,0.04,,,,,,Matches,,
Danilo Pereira,2014-2015,22,Marítimo,pt POR,1. Primeira Liga,29,29,2532,28.1,3,1,4,3,0,0,9,0,,,,,,,,0.11,0.04,0.14,0.11,0.14,,,,,,Matches,,
Danilo Pereira,2015-2016,23,Porto,,1. Champions Lg,6,5,486,5.4,0,0,0,0,0,0,3,0,,,,,,,,0.00,0.00,0.00,0.00,0.00,,,,,,Matches,,
Danilo Pereira,2016-2017,24,Porto,,1. Champions Lg,8,8,706,7.8,0,0,0,0,0,0,1,0,,,,,,,,0.00,0.00,0.00,0.00,0.00,,,,,,Matches,,
Danilo Pereira,2017-2018,25,Porto,,1. Champions Lg,6,6,532,5.9,1,2,3,1,0,0,2,0,0.5,0.5,0.5,1.0,3,19,3,0.17,0.34,0.51,0.17,0.51,0.08,0.09,0.16,0.08,0.16,Matches,,
Danilo Pereira,2018-2019,26,Porto,,1. Champions Lg,10,10,930,10.3,0,0,0,0,0,0,2,0,0.6,0.6,0.2,0.8,13,38,5,0.00,0.00,0.00,0.00,0.00,0.06,0.02,0.08,0.06,0.08,Matches,,
Danilo Pereira,2019-2020,27,Porto,,2. Europa Lg,7,6,544,6.0,0,0,0,0,0,0,1,0,0.6,0.6,0.1,0.6,4,34,3,0.00,0.00,0.00,0.00,0.00,0.09,0.01,0.10,0.09,0.10,Matches,,
Danilo Pereira,2020-2021,28,Paris S-G,,1. Champions Lg,12,8,785,8.7,0,0,0,0,0,0,2,0,0.0,0.0,0.1,0.1,3,14,1,0.00,0.00,0.00,0.00,0.00,0.00,0.01,0.01,0.00,0.01,Matches,,
Danilo Pereira,2021-2022,29,Paris S-G,,1. Champions Lg,7,3,362,4.0,0,0,0,0,0,0,2,0,0.2,0.2,0.0,0.2,1,3,2,0.00,0.00,0.00,0.00,0.00,0.04,0.00,0.04,0.04,0.04,Matches,,
Danilo Pereira,2022-2023,30,Paris S-G,,1. Champions Lg,7,5,450,5.0,0,0,0,0,0,0,0,0,0.0,0.0,0.0,0.0,3,19,1,0.00,0.00,0.00,0.00,0.00,0.01,0.00,0.01,0.01,0.01,Matches,,
Danilo Pereira,2023-2024,31,Paris S-G,,1. Champions Lg,3,2,158,1.8,0,0,0,0,0,0,0,0,0.0,0.0,0.2,0.2,3,6,0,0.00,0.00,0.00,0.00,0.00,0.00,0.12,0.12,0.00,0.12,Matches,,
Danilo Pereira,2024-2025,32,Al-Ittihad,sa KSA,1. Saudi Professional League,6,5,458,5.1,0,0,0,0,0,0,2,0,,,,,,,,0.00,0.00,0.00,0.00,0.00,,,,,,Matches,,
Leandro Paredes,2013-2014,19,Chievo,it ITA,1. Serie A,1,0,16,0.2,0,0,0,0,0,0,0,0,,,,,,,,0.00,0.00,0.00,0.00,0.00,,,,,,Matches,,
Leandro Paredes,2014-2015,20,Roma,,1. Champions Lg,0,0,,,,,,,,,,,,,,,,,,,,,,,,,,,,Matches,,
Leandro Paredes,2015-2016,21,Empoli,it ITA,1. Serie A,33,29,2481,27.6,2,1,3,2,0,0,11,0,,,,,,,,0.07,0.04,0.11,0.07,0.11,,,,,,Matches,,
Leandro Paredes,2016-2017,22,Roma,it ITA,Coppa Italia,4,4,322,3.6,0,0,0,0,0,0,1,0,,,,,,,,0.00,0.00,0.00,0.00,0.00,,,,,,Matches,,
Leandro Paredes,2017-2018,23,Zenit,,2. Europa Lg,7,6,545,6.1,1,3,4,1,0,0,3,0,1.0,1.0,1.3,2.3,13,44,6,0.17,0.50,0.66,0.17,0.66,0.17,0.22,0.39,0.17,0.39,Matches,,
Leandro Paredes,2018-2019,24,Paris S-G,,1. Champions Lg,2,0,37,0.4,0,0,0,0,0,0,1,0,0.0,0.0,0.0,0.0,0,2,0,0.00,0.00,0.00,0.00,0.00,0.00,0.00,0.00,0.00,0.00,Matches,,
Leandro Paredes,2019-2020,25,Paris S-G,,1. Champions Lg,6,4,370,4.1,0,0,0,0,0,0,2,0,0.1,0.1,0.4,0.5,1,31,1,0.00,0.00,0.00,0.00,0.00,0.01,0.10,0.11,0.01,0.11,Matches,,
Leandro Paredes,2020-2021,26,Paris S-G,,1. Champions Lg,8,8,670,7.4,0,1,1,0,0,0,4,0,0.3,0.3,0.4,0.6,3,23,1,0.00,0.13,0.13,0.00,0.13,0.04,0.05,0.09,0.04,0.09,Matches,,
Leandro Paredes,2021-2022,27,Paris S-G,,1. Champions Lg,5,4,315,3.5,0,0,0,0,0,0,3,0,0.0,0.0,0.0,0.0,2,15,1,0.00,0.00,0.00,0.00,0.00,0.01,0.00,0.01,0.01,0.01,Matches,,
Leandro Paredes,2022-2023,28,Juventus,,1. Champions Lg,4,4,354,3.9,0,1,1,0,0,0,1,0,0.1,0.1,0.2,0.3,5,29,4,0.00,0.25,0.25,0.00,0.25,0.04,0.06,0.10,0.04,0.10,Matches,,
Leandro Paredes,2023-2024,29,Roma,it ITA,Coppa Italia,2,2,180,2.0,0,0,0,0,0,0,0,0,,,,,,,,0.00,0.00,0.00,0.00,0.00,,,,,,Matches,,
Leandro Paredes,2024-2025,30,Roma,it ITA,Coppa Italia,1,1,70,0.8,0,1,1,0,0,0,0,0,,,,,,,,0.00,1.29,1.29,0.00,1.29,,,,,,Matches,,
Neymar,2013-2014,21,Barcelona,,1. Champions Lg,10,9,776,8.6,4,3,7,4,0,0,1,0,,,,,,,,0.46,0.35,0.81,0.46,0.81,,,,,,Matches,,
Neymar,2014-2015,22,Barcelona,,1. Champions Lg,12,12,1027,11.4,10,1,11,10,0,0,1,0,,,,,,,,0.88,0.09,0.96,0.88,0.96,,,,,,Matches,,
Neymar,2015-2016,23,Barcelona,,1. Champions Lg,9,9,810,9.0,3,5,8,2,1,1,2,0,,,,,,,,0.33,0.56,0.89,0.22,0.78,,,,,,Matches,,
Neymar,2016-2017,24,Barcelona,,1. Champions Lg,9,9,797,8.9,4,8,12,3,1,2,5,0,,,,,,,,0.45,0.90,1.36,0.34,1.24,,,,,,Matches,,
Neymar,2017-2018,25,Paris S-G,,1. Champions Lg,7,7,630,7.0,6,4,10,6,0,0,2,0,4.4,4.4,3.1,7.5,53,53,75,0.86,0.57,1.43,0.86,1.43,0.63,0.44,1.07,0.63,1.07,Matches,,
Neymar,2018-2019,26,Paris S-G,,1. Champions Lg,6,6,531,5.9,5,2,7,5,0,0,2,0,3.4,3.4,2.5,5.9,47,59,36,0.85,0.34,1.19,0.85,1.19,0.58,0.42,1.01,0.58,1.01,Matches,,
Neymar,2019-2020,27,Paris S-G,,1. Champions Lg,7,6,585,6.5,3,4,7,3,0,0,3,0,4.3,4.3,2.7,7.0,46,48,52,0.46,0.62,1.08,0.46,1.08,0.65,0.42,1.07,0.65,1.07,Matches,,
Neymar,2020-2021,28,Paris S-G,,1. Champions Lg,9,9,743,8.3,6,2,8,5,1,1,3,0,5.2,4.4,2.1,6.5,41,58,47,0.73,0.24,0.97,0.61,0.85,0.62,0.26,0.88,0.53,0.79,Matches,,
Neymar,2021-2022,29,Paris S-G,,1. Champions Lg,6,5,469,5.2,0,2,2,0,0,0,1,0,0.9,0.9,1.1,2.0,12,27,35,0.00,0.38,0.38,0.00,0.38,0.17,0.22,0.39,0.17,0.39,Matches,,
Neymar,2022-2023,30,Paris S-G,,1. Champions Lg,6,6,539,6.0,2,2,4,2,0,0,4,0,2.1,2.1,1.6,3.6,37,57,31,0.33,0.33,0.67,0.33,0.67,0.35,0.26,0.61,0.35,0.61,Matches,,
Neymar,2023-2024,31,Al-Hilal,sa KSA,1. Pro League,3,2,207,2.3,0,2,2,0,0,1,0,0,,,,,,,,0.00,0.87,0.87,0.00,0.87,,,,,,Matches,,
Rafinha,2010-2011,17,Barcelona B,es ESP,2. La Liga 2,9,4,425,4.7,1,0,1,1,0,0,0,0,,,,,,,,0.21,0.00,0.21,0.21,0.21,,,,,,,,
Rafinha,2011-2012,18,Barcelona,,1. Champions Lg,1,1,71,0.8,0,0,0,0,0,0,0,0,,,,,,,,0.00,0.00,0.00,0.00,0.00,,,,,,Matches,,
Rafinha,2012-2013,19,Barcelona,,1. Champions Lg,1,1,58,0.6,0,0,0,0,0,0,1,0,,,,,,,,0.00,0.00,0.00,0.00,0.00,,,,,,Matches,,
Rafinha,2013-2014,20,Celta Vigo,es ESP,1. La Liga,32,27,2431,27.0,4,5,9,4,0,0,7,0,,,,,,,,0.15,0.19,0.33,0.15,0.33,,,,,,Matches,,
Rafinha,2014-2015,21,Barcelona,,1. Champions Lg,6,1,114,1.3,0,1,1,0,0,0,0,1,,,,,,,,0.00,0.79,0.79,0.00,0.79,,,,,,Matches,,
Rafinha,2015-2016,22,Barcelona,,1. Champions Lg,2,0,31,0.3,0,0,0,0,0,0,0,0,,,,,,,,0.00,0.00,0.00,0.00,0.00,,,,,,Matches,,
Rafinha,2016-2017,23,Barcelona,,1. Champions Lg,6,1,216,2.4,0,0,0,0,0,0,1,0,,,,,,,,0.00,0.00,0.00,0.00,0.00,,,,,,Matches,,
Rafinha,2017-2018,24,Barcelona,es ESP,Copa del Rey,1,0,13,0.1,0,0,0,0,0,0,0,0,,,,,,,,0.00,0.00,0.00,0.00,0.00,,,,,,Matches,,
Rafinha,2018-2019,25,Barcelona,,1. Champions Lg,2,1,79,0.9,1,0,1,1,0,0,0,0,0.7,0.7,0.1,0.8,3,3,4,1.14,0.00,1.14,1.14,1.14,0.80,0.12,0.91,0.80,0.91,Matches,,
Rafinha,2019-2020,26,Celta Vigo,es ESP,Copa del Rey,1,0,38,0.4,0,1,1,0,0,0,0,1,,,,,,,,0.00,2.37,2.37,0.00,2.37,,,,,,Matches,,
Rafinha,2020-2021,27,Paris S-G,,1. Champions Lg,8,1,130,1.4,0,1,1,0,0,0,1,0,0.1,0.1,0.7,0.8,9,7,9,0.00,0.69,0.69,0.00,0.69,0.09,0.48,0.57,0.09,0.57,Matches,,
Rafinha,2021-2022,28,Real Sociedad,es ESP,Copa del Rey,2,0,46,0.5,0,0,0,0,0,0,0,0,,,,,,,,0.00,0.00,0.00,0.00,0.00,,,,,,Matches,,
Colin Dagba,2018-2019,19,Paris S-G,,1. Champions Lg,1,0,10,0.1,0,0,0,0,0,0,0,0,0.0,0.0,0.0,0.0,1,0,0,0.00,0.00,0.00,0.00,0.00,0.00,0.00,0.00,0.00,0.00,Matches,,
Colin Dagba,2019-2020,20,Paris S-G,,1. Champions Lg,1,1,90,1.0,0,0,0,0,0,0,0,0,0.3,0.3,0.0,0.3,2,0,8,0.00,0.00,0.00,0.00,0.00,0.30,0.04,0.35,0.30,0.35,Matches,,
Colin Dagba,2020-2021,21,Paris S-G,,1. Champions Lg,5,2,223,2.5,0,0,0,0,0,0,1,0,0.0,0.0,0.0,0.0,3,6,5,0.00,0.00,0.00,0.00,0.00,0.00,0.00,0.00,0.00,0.00,Matches,,
Colin Dagba,2021-2022,22,Paris S-G,,1. Champions Lg,0,0,,,,,,,,,,,,,,,,,,,,,,,,,,,,Matches,,
Colin Dagba,2022-2023,23,Strasbourg,fr FRA,1. Ligue 1,21,12,958,10.6,0,0,0,0,0,0,3,0,0.4,0.4,0.8,1.1,26,31,48,0.00,0.00,0.00,0.00,0.00,0.03,0.07,0.10,0.03,0.10,Matches,,
Colin Dagba,2023-2024,24,Auxerre,fr FRA,Coupe de France,2,2,210,2.3,0,0,0,0,0,0,0,0,,,,,,,,0.00,0.00,0.00,0.00,0.00,,,,,,Matches,,
Colin Dagba,2024-2025,25,Beerschot,be BEL,1. Pro League A,11,11,767,8.5,0,1,1,0,0,0,3,0,0.5,0.5,0.2,0.7,9,16,23,0.00,0.12,0.12,0.00,0.12,0.06,0.02,0.08,0.06,0.08,Matches,,
Julian Draxler,2010-2011,16,Schalke 04,de GER,1. Bundesliga,15,3,509,5.7,1,0,1,1,0,0,1,0,,,,,,,,0.18,0.00,0.18,0.18,0.18,,,,,,Matches,,
Julian Draxler,2011-2012,17,Schalke 04,de GER,1. Bundesliga,30,21,1762,19.6,2,3,5,2,0,0,2,0,,,,,,,,0.10,0.15,0.26,0.10,0.26,,,,,,Matches,,
Julian Draxler,2012-2013,18,Schalke 04,de GER,1. Bundesliga,30,24,2131,23.7,10,3,13,10,0,1,5,0,,,,,,,,0.42,0.13,0.55,0.42,0.55,,,,,,Matches,,
Julian Draxler,2013-2014,19,Schalke 04,de GER,1. Bundesliga,26,25,2145,23.8,2,7,9,2,0,0,5,0,,,,,,,,0.08,0.29,0.38,0.08,0.38,,,,,,Matches,,
Julian Draxler,2014-2015,20,Schalke 04,de GER,1. Bundesliga,15,8,775,8.6,2,1,3,2,0,0,1,1,,,,,,,,0.23,0.12,0.35,0.23,0.35,,,,,,Matches,,
Julian Draxler,2015-2016,21,Wolfsburg,de GER,1. Bundesliga,21,19,1517,16.9,5,5,10,5,0,0,4,1,,,,,,,,0.30,0.30,0.59,0.30,0.59,,,,,,Matches,,
Julian Draxler,2016-2017,22,Wolfsburg,de GER,1. Bundesliga,13,12,1050,11.7,0,2,2,0,0,0,0,0,,,,,,,,0.00,0.17,0.17,0.00,0.17,,,,,,Matches,,
Julian Draxler,2017-2018,23,Paris S-G,,1. Champions Lg,8,3,315,3.5,0,1,1,0,0,0,1,0,0.2,0.2,0.4,0.6,10,19,21,0.00,0.29,0.29,0.00,0.29,0.05,0.12,0.17,0.05,0.17,Matches,,
Julian Draxler,2018-2019,24,Paris S-G,,1. Champions Lg,7,3,287,3.2,0,1,1,0,0,0,2,0,0.1,0.1,0.8,0.9,12,23,16,0.00,0.31,0.31,0.00,0.31,0.03,0.26,0.29,0.03,0.29,Matches,,
Julian Draxler,2019-2020,25,Paris S-G,,1. Champions Lg,5,0,70,0.8,0,0,0,0,0,0,0,0,0.1,0.1,0.1,0.2,4,3,4,0.00,0.00,0.00,0.00,0.00,0.11,0.09,0.20,0.11,0.20,Matches,,
Julian Draxler,2020-2021,26,Paris S-G,,1. Champions Lg,5,3,267,3.0,0,1,1,0,0,0,1,0,0.1,0.1,0.5,0.6,7,11,7,0.00,0.34,0.34,0.00,0.34,0.03,0.17,0.20,0.03,0.20,Matches,,
Julian Draxler,2021-2022,27,Paris S-G,,1. Champions Lg,4,1,143,1.6,0,0,0,0,0,0,0,0,0.1,0.1,0.1,0.3,2,7,8,0.00,0.00,0.00,0.00,0.00,0.09,0.09,0.18,0.09,0.18,Matches,,
Julian Draxler,2022-2023,28,Benfica,,1. Champions Lg,3,0,32,0.4,0,0,0,0,0,0,0,0,0.1,0.1,0.0,0.1,0,3,2,0.00,0.00,0.00,0.00,0.00,0.20,0.00,0.20,0.20,0.20,Matches,,
Mauro Icardi,2011-2012,18,Sampdoria,it ITA,2. Serie B,2,1,78,0.9,1,0,1,1,0,0,0,0,,,,,,,,1.15,0.00,1.15,1.15,1.15,,,,,,,,
Mauro Icardi,2012-2013,19,Sampdoria,it ITA,1. Serie A,31,24,2120,23.6,10,2,12,10,0,0,3,0,,,,,,,,0.42,0.08,0.51,0.42,0.51,,,,,,Matches,,
Mauro Icardi,2013-2014,20,Inter,it ITA,1. Serie A,22,12,1308,14.5,9,2,11,9,0,0,1,0,,,,,,,,0.62,0.14,0.76,0.62,0.76,,,,,,Matches,,
Mauro Icardi,2014-2015,21,Inter,it ITA,Coppa Italia,2,2,180,2.0,1,0,1,1,0,1,0,0,,,,,,,,0.50,0.00,0.50,0.50,0.50,,,,,,Matches,,
Mauro Icardi,2015-2016,22,Inter,it ITA,Coppa Italia,1,0,14,0.2,0,0,0,0,0,0,0,0,,,,,,,,0.00,0.00,0.00,0.00,0.00,,,,,,Matches,,
Mauro Icardi,2016-2017,23,Inter,it ITA,Coppa Italia,2,0,94,1.0,0,0,0,0,0,0,0,0,,,,,,,,0.00,0.00,0.00,0.00,0.00,,,,,,Matches,,
Mauro Icardi,2017-2018,24,Inter,it ITA,Coppa Italia,2,1,161,1.8,0,0,0,0,0,0,0,0,,,,,,,,0.00,0.00,0.00,0.00,0.00,,,,,,Matches,,
Mauro Icardi,2018-2019,25,Inter,,1. Champions Lg,6,6,540,6.0,4,0,4,4,0,0,0,0,3.6,3.6,0.5,4.1,1,8,26,0.67,0.00,0.67,0.67,0.67,0.61,0.08,0.68,0.61,0.68,Matches,,
Mauro Icardi,2019-2020,26,Paris S-G,,1. Champions Lg,7,7,473,5.3,5,0,5,5,0,0,1,0,4.4,4.4,0.4,4.8,0,3,22,0.95,0.00,0.95,0.95,0.95,0.83,0.07,0.91,0.83,0.91,Matches,,
Mauro Icardi,2020-2021,27,Paris S-G,,1. Champions Lg,3,3,241,2.7,0,0,0,0,0,0,1,0,0.4,0.4,1.1,1.5,3,9,11,0.00,0.00,0.00,0.00,0.00,0.15,0.40,0.55,0.15,0.55,Matches,,
Mauro Icardi,2021-2022,28,Paris S-G,,1. Champions Lg,3,0,49,0.5,0,0,0,0,0,0,0,0,0.5,0.5,0.1,0.6,0,1,3,0.00,0.00,0.00,0.00,0.00,0.99,0.10,1.09,0.99,1.09,Matches,,
Mauro Icardi,2022-2023,29,Galatasaray,tr TUR,1. Süper Lig,24,21,1885,20.9,22,7,29,16,6,9,3,0,,,,,,,,1.05,0.33,1.38,0.76,1.10,,,,,,Matches,,
Mauro Icardi,2023-2024,30,Galatasaray,,1. Champions Lg,6,6,518,5.8,2,0,2,1,1,2,0,0,4.1,2.6,0.8,3.4,1,5,23,0.35,0.00,0.35,0.17,0.17,0.72,0.14,0.86,0.45,0.59,Matches,,
Mauro Icardi,2024-2025,31,Galatasaray,,2. Europa Lg,4,3,277,3.1,2,1,3,2,0,0,0,0,2.6,2.6,0.5,3.1,2,11,17,0.65,0.32,0.97,0.65,0.97,0.86,0.15,1.01,0.86,1.01,Matches,,
Sergio Rico,2014-2015,20,Sevilla,es ESP,Copa del Rey,5,5,450,5.0,0,0,0,0,0,0,0,0,,,,,,,,0.00,0.00,0.00,0.00,0.00,,,,,,Matches,,
Sergio Rico,2015-2016,21,Sevilla,,1. Champions Lg,6,6,540,6.0,0,0,0,0,0,0,0,0,,,,,,,,0.00,0.00,0.00,0.00,0.00,,,,,,Matches,,
Sergio Rico,2016-2017,22,Sevilla,,1. Champions Lg,8,8,720,8.0,0,0,0,0,0,0,0,0,,,,,,,,0.00,0.00,0.00,0.00,0.00,,,,,,Matches,,
Sergio Rico,2017-2018,23,Sevilla,,1. Champions Lg,8,8,720,8.0,0,0,0,0,0,0,0,0,0.0,0.0,0.0,0.0,0,0,0,0.00,0.00,0.00,0.00,0.00,0.00,0.00,0.00,0.00,0.00,Matches,,
Sergio Rico,2018-2019,24,Fulham,eng ENG,EFL Cup,3,3,270,3.0,0,0,0,0,0,0,0,0,,,,,,,,0.00,0.00,0.00,0.00,0.00,,,,,,Matches,,
Sergio Rico,2019-2020,25,Paris S-G,,1. Champions Lg,3,2,192,2.1,0,0,0,0,0,0,0,0,0.0,0.0,0.0,0.0,0,0,0,0.00,0.00,0.00,0.00,0.00,0.00,0.00,0.00,0.00,0.00,Matches,,
Sergio Rico,2020-2021,26,Paris S-G,,1. Champions Lg,0,0,,,,,,,,,,,,,,,,,,,,,,,,,,,,Matches,,
Sergio Rico,2021-2022,27,Mallorca,es ESP,Copa del Rey,1,1,90,1.0,0,0,0,0,0,0,0,0,,,,,,,,0.00,0.00,0.00,0.00,0.00,,,,,,Matches,,
Sergio Rico,2022-2023,28,Paris S-G,,1. Champions Lg,0,0,,,,,,,,,,,,,,,,,,,,,,,,,,,,Matches,,
Kays Ruiz,2020-2021,17,Paris S-G,fr FRA,1. Ligue 1,7,1,186,2.1,0,0,0,0,0,0,1,0,0.1,0.1,0.0,0.1,12,14,12,0.00,0.00,0.00,0.00,0.00,0.03,0.00,0.03,0.03,0.03,Matches,2nd,
Kays Ruiz,2022-2023,19,Auxerre,fr FRA,1. Ligue 1,1,1,62,0.7,0,0,0,0,0,0,1,0,0.0,0.0,0.0,0.0,1,0,2,0.00,0.00,0.00,0.00,0.00,0.00,0.00,0.00,0.00,0.00,Matches,17th,
Kays Ruiz,2024-2025,21,Francs Borains,be BEL,2. Pro League B,10,6,588,6.5,1,1,2,1,0,0,7,1,,,,,,,,0.15,0.15,0.31,0.15,0.31,,,,,,Matches,12th,
Bandiougou Fadiga,2020-2021,19,Paris S-G,,1. Champions Lg,0,0,,,,,,,,,,,,,,,,,,,,,,,,,,,,Matches,,
Bandiougou Fadiga,2021-2022,20,Olympiacos,,2. Europa Lg,1,0,17,0.2,0,0,0,0,0,0,0,0,0.0,0.0,0.0,0.0,0,0,0,0.00,0.00,0.00,0.00,0.00,0.00,0.00,0.00,0.00,0.00,Matches,,
Bandiougou Fadiga,2022-2023,21,Ionikos,gr GRE,1. Super League,28,25,2013,22.4,1,1,2,1,0,0,9,0,,,,,,,,0.04,0.04,0.09,0.04,0.09,,,,,,Matches,,
Edouard Michut,2020-2021,17,Paris S-G,,1. Champions Lg,0,0,,,,,,,,,,,,,,,,,,,,,,,,,,,,Matches,,
Edouard Michut,2021-2022,18,Paris S-G,,1. Champions Lg,0,0,,,,,,,,,,,,,,,,,,,,,,,,,,,,Matches,,
Edouard Michut,2022-2023,19,Sunderland,eng ENG,2. Championship,24,12,1130,12.6,1,0,1,1,0,0,3,0,0.6,0.6,0.4,0.9,18,42,18,0.08,0.00,0.08,0.08,0.08,0.05,0.03,0.07,0.05,0.07,Matches,,
Edouard Michut,2023-2024,20,Adana Demirspor,tr TUR,1. Süper Lig,24,20,1724,19.2,0,1,1,0,0,0,5,0,,,,,,,,0.00,0.05,0.05,0.00,0.05,,,,,,Matches,,
Edouard Michut,2024-2025,21,Fortuna Sittard,nl NED,1. Eredivisie,3,0,55,0.6,1,0,1,1,0,0,1,0,0.6,0.6,0.0,0.6,1,1,2,1.64,0.00,1.64,1.64,1.64,1.06,0.00,1.06,1.06,1.06,Matches,,
Kenny Nagera,2020-2021,18,Paris S-G,fr FRA,1. Ligue 1,1,0,2,0.0,0,0,0,0,0,0,0,0,0.0,0.0,0.0,0.0,1,0,1,0.00,0.00,0.00,0.00,0.00,0.00,0.00,0.00,0.00,0.00,Matches,2nd,
Kenny Nagera,2021-2022,19,Bastia,fr FRA,2. Ligue 2,6,1,176,2.0,0,0,0,0,0,0,0,0,0.3,0.3,0.0,0.3,4,1,14,0.00,0.00,0.00,0.00,0.00,0.18,0.00,0.18,0.18,0.18,Matches,12th,
Kenny Nagera,2024-2025,22,La Louvière,be BEL,2. Pro League B,14,8,655,7.3,1,0,1,1,0,0,1,0,,,,,,,,0.14,0.00,0.14,0.14,0.14,,,,,,Matches,2nd,
Xavi Simons,2020-2021,17,Paris S-G,fr FRA,Coupe de France,1,0,13,0.1,0,0,0,0,0,0,0,0,,,,,,,,0.00,0.00,0.00,0.00,0.00,,,,,,Matches,,
Xavi Simons,2021-2022,18,Paris S-G,,1. Champions Lg,0,0,,,,,,,,,,,,,,,,,,,,,,,,,,,,Matches,,
Xavi Simons,2022-2023,19,PSV Eindhoven,nl NED,1. Eredivisie,34,34,2803,31.1,19,8,27,17,2,2,2,0,14.9,13.3,7.4,20.7,148,150,247,0.61,0.26,0.87,0.55,0.80,0.48,0.24,0.72,0.43,0.66,Matches,,
Xavi Simons,2023-2024,20,RB Leipzig,de GER,1. Bundesliga,32,32,2653,29.5,8,11,19,7,1,2,11,1,8.3,6.7,9.8,16.4,151,187,216,0.27,0.37,0.64,0.24,0.61,0.28,0.33,0.61,0.23,0.56,Matches,,
Xavi Simons,2024-2025,21,RB Leipzig,de GER,1. Bundesliga,7,7,615,6.8,2,1,3,2,0,0,2,0,1.1,1.1,2.0,3.1,24,43,55,0.29,0.15,0.44,0.29,0.44,0.17,0.29,0.46,0.17,0.46,Matches,,
Maxen Kapo,2020-2021,19,Paris S-G,fr FRA,1. Ligue 1,0,0,,,,,,,,,,,,,,,,,,,,,,,,,,,,Matches,2nd,
Maxen Kapo,2021-2022,20,Lausanne-Sport,ch SUI,1. Super Lg,1,0,6,0.1,0,0,0,0,0,0,0,0,,,,,,,,0.00,0.00,0.00,0.00,0.00,,,,,,Matches,10th,
Alexandre Letellier,2012-2013,21,Angers,fr FRA,2. Ligue 2,,1,90,1.0,0,0,0,0,0,0,0,0,,,,,,,,0.00,0.00,0.00,0.00,0.00,,,,,,,,1
Alexandre Letellier,2013-2014,22,Angers,fr FRA,2. Ligue 2,,6,540,6.0,0,0,0,0,0,0,0,0,,,,,,,,0.00,0.00,0.00,0.00,0.00,,,,,,,,6
Alexandre Letellier,2014-2015,23,Angers,fr FRA,2. Ligue 2,,4,360,4.0,0,0,0,0,0,0,0,0,,,,,,,,0.00,0.00,0.00,0.00,0.00,,,,,,Matches,,4
Alexandre Letellier,2015-2016,24,Angers,fr FRA,1. Coupe de la Ligue,,1,90,1.0,0,0,0,0,0,0,0,0,,,,,,,,0.00,0.00,0.00,0.00,0.00,,,,,,Matches,,1
Alexandre Letellier,2016-2017,25,Angers,fr FRA,Coupe de France,,3,270,3.0,0,0,0,0,0,0,0,0,,,,,,,,0.00,0.00,0.00,0.00,0.00,,,,,,Matches,,3
Alexandre Letellier,2017-2018,26,Angers,fr FRA,1. Coupe de la Ligue,,1,90,1.0,0,0,0,0,0,0,0,0,,,,,,,,0.00,0.00,0.00,0.00,0.00,,,,,,Matches,,1
Alexandre Letellier,2018-2019,27,Troyes,fr FRA,Coupe de France,,1,90,1.0,0,0,0,0,0,0,0,0,,,,,,,,0.00,0.00,0.00,0.00,0.00,,,,,,Matches,,1
Alexandre Letellier,2019-2020,28,Orléans,fr FRA,2. Ligue 2,,6,540,6.0,0,0,0,0,0,0,0,0,0.0,0.0,0.0,0.0,0,0,0,0.00,0.00,0.00,0.00,0.00,0.00,0.00,0.00,0.00,0.00,Matches,,6
Alexandre Letellier,2020-2021,29,Paris S-G,,1. Champions Lg,,0,,,,,,,,,,,,,,,,,,,,,,,,,,,,Matches,,0
Alexandre Letellier,2021-2022,30,Paris S-G,,1. Champions Lg,,0,,,,,,,,,,,,,,,,,,,,,,,,,,,,Matches,,0
Alexandre Letellier,2022-2023,31,Paris S-G,,1. Champions Lg,,0,,,,,,,,,,,,,,,,,,,,,,,,,,,,Matches,,0
Alexandre Letellier,2023-2024,32,Paris S-G,,1. Champions Lg,,0,,,,,,,,,,,,,,,,,,,,,,,,,,,,Matches,,0
Aurelien Tchouameni,2017-2018,17,Bordeaux,fr FRA,Coupe de France,0,0,,,,,,,,,,,,,,,,,,,,,,,,,,,,Matches,,
Aurelien Tchouameni,2018-2019,18,Bordeaux,,2. Europa Lg,4,3,283,3.1,0,0,0,0,0,0,0,0,0.3,0.3,0.1,0.3,1,12,6,0.00,0.00,0.00,0.00,0.00,0.09,0.02,0.10,0.09,0.10,Matches,,
Aurelien Tchouameni,2019-2020,19,Bordeaux,fr FRA,Coupe de France,1,1,90,1.0,0,0,0,0,0,0,0,0,,,,,,,,0.00,0.00,0.00,0.00,0.00,,,,,,Matches,,
Aurelien Tchouameni,2020-2021,20,Monaco,fr FRA,Coupe de France,6,4,353,3.9,1,0,1,1,0,0,0,0,,,,,,,,0.25,0.00,0.25,0.25,0.25,,,,,,Matches,,
Aurelien Tchouameni,2021-2022,21,Monaco,fr FRA,Coupe de France,4,4,356,4.0,1,1,2,1,0,0,1,0,,,,,,,,0.25,0.25,0.51,0.25,0.51,,,,,,Matches,,
Aurelien Tchouameni,2022-2023,22,Real Madrid,,1. Champions Lg,10,5,432,4.8,0,0,0,0,0,0,0,0,0.4,0.4,0.0,0.4,10,37,4,0.00,0.00,0.00,0.00,0.00,0.08,0.00,0.08,0.08,0.08,Matches,,
Aurelien Tchouameni,2023-2024,23,Real Madrid,,1. Champions Lg,8,7,603,6.7,0,0,0,0,0,0,3,0,0.2,0.2,0.1,0.3,3,35,2,0.00,0.00,0.00,0.00,0.00,0.03,0.02,0.04,0.03,0.04,Matches,,
Aurelien Tchouameni,2024-2025,24,Real Madrid,,1. Champions Lg,5,4,300,3.3,0,0,0,0,0,0,1,0,0.2,0.2,0.1,0.3,0,17,0,0.00,0.00,0.00,0.00,0.00,0.06,0.02,0.08,0.06,0.08,Matches,,
Youssouf Fofana,2018-2019,19,Strasbourg,fr FRA,Coupe de France,1,1,120,1.3,0,0,0,0,0,0,1,0,,,,,,,,0.00,0.00,0.00,0.00,0.00,,,,,,Matches,,
Youssouf Fofana,2019-2020,20,Strasbourg,fr FRA,Coupe de France,1,0,45,0.5,0,0,0,0,0,0,1,0,,,,,,,,0.00,0.00,0.00,0.00,0.00,,,,,,Matches,,
Youssouf Fofana,2020-2021,21,Monaco,fr FRA,Coupe de France,5,4,371,4.1,0,0,0,0,0,0,0,0,,,,,,,,0.00,0.00,0.00,0.00,0.00,,,,,,Matches,,
Youssouf Fofana,2021-2022,22,Monaco,fr FRA,Coupe de France,4,2,182,2.0,0,0,0,0,0,0,0,0,,,,,,,,0.00,0.00,0.00,0.00,0.00,,,,,,Matches,,
Youssouf Fofana,2022-2023,23,Monaco,fr FRA,Coupe de France,1,0,30,0.3,0,0,0,0,0,0,0,0,,,,,,,,0.00,0.00,0.00,0.00,0.00,,,,,,Matches,,
Youssouf Fofana,2023-2024,24,Monaco,fr FRA,Coupe de France,3,3,300,3.3,0,0,0,0,0,0,0,0,,,,,,,,0.00,0.00,0.00,0.00,0.00,,,,,,Matches,,
Youssouf Fofana,2024-2025,25,Milan,,1. Champions Lg,6,6,509,5.7,0,2,2,0,0,0,2,0,0.3,0.3,0.9,1.1,6,36,11,0.00,0.35,0.35,0.00,0.35,0.05,0.15,0.20,0.05,0.20,Matches,,
Kevin Volland,2010-2011,18,1860 Munich,de GER,2. 2. Bundesliga,24,16,1535,17.1,6,4,10,6,0,0,3,0,,,,,,,,0.35,0.23,0.59,0.35,0.59,,,,,,,,
Kevin Volland,2011-2012,19,1860 Munich,de GER,2. 2. Bundesliga,33,33,2733,30.4,13,8,21,13,0,0,7,0,,,,,,,,0.43,0.26,0.69,0.43,0.69,,,,,,,,
Kevin Volland,2012-2013,20,Hoffenheim,de GER,1. Bundesliga,34,31,2686,29.8,6,8,14,6,0,0,4,0,,,,,,,,0.20,0.27,0.47,0.20,0.47,,,,,,Matches,,
Kevin Volland,2013-2014,21,Hoffenheim,de GER,1. Bundesliga,33,32,2871,31.9,11,5,16,11,0,0,4,0,,,,,,,,0.34,0.16,0.50,0.34,0.50,,,,,,Matches,,
Kevin Volland,2014-2015,22,Hoffenheim,de GER,1. Bundesliga,32,30,2668,29.6,8,5,13,8,0,0,6,0,,,,,,,,0.27,0.17,0.44,0.27,0.44,,,,,,Matches,,
Kevin Volland,2015-2016,23,Hoffenheim,de GER,1. Bundesliga,33,31,2724,30.3,8,7,15,6,2,3,8,0,,,,,,,,0.26,0.23,0.50,0.20,0.43,,,,,,Matches,,
Kevin Volland,2016-2017,24,Leverkusen,de GER,1. Bundesliga,23,16,1473,16.4,6,2,8,5,1,1,3,1,,,,,,,,0.37,0.12,0.49,0.31,0.43,,,,,,Matches,,
Kevin Volland,2017-2018,25,Leverkusen,de GER,1. Bundesliga,31,30,2591,28.8,14,2,16,14,0,0,5,0,9.5,9.5,4.9,14.3,55,77,231,0.49,0.07,0.56,0.49,0.56,0.33,0.17,0.50,0.33,0.50,Matches,,
Kevin Volland,2018-2019,26,Leverkusen,de GER,1. Bundesliga,34,32,2814,31.3,14,9,23,14,0,0,4,0,13.8,13.8,8.4,22.2,65,93,263,0.45,0.29,0.74,0.45,0.74,0.44,0.27,0.71,0.44,0.71,Matches,,
Kevin Volland,2019-2020,27,Leverkusen,de GER,1. Bundesliga,27,24,2047,22.7,10,7,17,10,0,0,3,0,11.5,11.5,5.8,17.3,39,57,175,0.44,0.31,0.75,0.44,0.75,0.50,0.25,0.76,0.50,0.76,Matches,,
Kevin Volland,2020-2021,28,Monaco,fr FRA,Coupe de France,5,5,434,4.8,2,0,2,2,0,0,1,0,,,,,,,,0.41,0.00,0.41,0.41,0.41,,,,,,Matches,,
Kevin Volland,2021-2022,29,Monaco,fr FRA,Coupe de France,5,4,322,3.6,3,0,3,3,0,0,0,0,,,,,,,,0.84,0.00,0.84,0.84,0.84,,,,,,Matches,,
Kevin Volland,2022-2023,30,Monaco,,2. Europa Lg,5,2,239,2.7,3,0,3,3,0,0,0,0,1.1,1.1,0.4,1.5,2,6,24,1.13,0.00,1.13,1.13,1.13,0.42,0.16,0.59,0.42,0.59,Matches,,
Kevin Volland,2023-2024,31,Union Berlin,de GER,1. Bundesliga,26,17,1345,14.9,3,4,7,1,2,3,3,2,5.3,2.9,2.6,5.6,14,48,96,0.20,0.27,0.47,0.07,0.33,0.36,0.18,0.53,0.20,0.37,Matches,,
Kevin Volland,2024-2025,32,Union Berlin,de GER,1. Bundesliga,1,0,6,0.1,0,0,0,0,0,0,0,0,0.0,0.0,0.0,0.0,0,0,0,0.00,0.00,0.00,0.00,0.00,0.00,0.00,0.00,0.00,0.00,Matches,,
Wissam Ben Yedder,2010-2011,19,Toulouse,fr FRA,1. Ligue 1,4,0,80,0.9,0,0,0,0,0,0,0,0,,,,,,,,0.00,0.00,0.00,0.00,0.00,,,,,,Matches,,
Wissam Ben Yedder,2011-2012,20,Toulouse,fr FRA,1. Ligue 1,9,0,194,2.2,1,0,1,1,0,0,1,0,,,,,,,,0.46,0.00,0.46,0.46,0.46,,,,,,Matches,,
Wissam Ben Yedder,2012-2013,21,Toulouse,fr FRA,1. Ligue 1,34,29,2490,27.7,15,5,20,15,0,0,1,0,,,,,,,,0.54,0.18,0.72,0.54,0.72,,,,,,Matches,,
Wissam Ben Yedder,2013-2014,22,Toulouse,fr FRA,1. Ligue 1,38,35,2991,33.2,16,5,21,14,2,3,2,0,,,,,,,,0.48,0.15,0.63,0.42,0.57,,,,,,Matches,,
Wissam Ben Yedder,2014-2015,23,Toulouse,fr FRA,1. Ligue 1,36,34,2860,31.8,14,3,17,12,2,2,1,0,,,,,,,,0.44,0.09,0.53,0.38,0.47,,,,,,Matches,,
Wissam Ben Yedder,2015-2016,24,Toulouse,fr FRA,1. Coupe de la Ligue,4,4,381,4.2,5,0,5,5,0,0,0,0,,,,,,,,1.18,0.00,1.18,1.18,1.18,,,,,,Matches,,
Wissam Ben Yedder,2016-2017,25,Sevilla,,1. Champions Lg,5,2,229,2.5,2,0,2,2,0,0,0,0,,,,,,,,0.79,0.00,0.79,0.79,0.79,,,,,,Matches,,
Wissam Ben Yedder,2017-2018,26,Sevilla,,1. Champions Lg,9,8,651,7.2,8,0,8,6,2,2,2,0,6.6,5.1,1.5,6.6,12,13,63,1.11,0.00,1.11,0.83,0.83,0.93,0.21,1.13,0.71,0.91,Matches,,
Wissam Ben Yedder,2018-2019,27,Sevilla,es ESP,Copa del Rey,5,2,222,2.5,2,0,2,2,0,0,0,0,,,,,,,,0.81,0.00,0.81,0.81,0.81,,,,,,Matches,,
Wissam Ben Yedder,2019-2020,28,Monaco,fr FRA,Coupe de France,3,3,240,2.7,1,2,3,1,0,0,1,0,,,,,,,,0.37,0.75,1.13,0.37,1.13,,,,,,Matches,,
Wissam Ben Yedder,2020-2021,29,Monaco,fr FRA,Coupe de France,4,4,330,3.7,2,1,3,1,1,1,0,0,,,,,,,,0.55,0.27,0.82,0.27,0.55,,,,,,Matches,,
Wissam Ben Yedder,2021-2022,30,Monaco,fr FRA,Coupe de France,4,4,359,4.0,5,0,5,4,1,1,0,0,,,,,,,,1.25,0.00,1.25,1.00,1.00,,,,,,Matches,,
Wissam Ben Yedder,2022-2023,31,Monaco,fr FRA,Coupe de France,1,1,90,1.0,1,0,1,1,0,0,0,0,,,,,,,,1.00,0.00,1.00,1.00,1.00,,,,,,Matches,,
Wissam Ben Yedder,2023-2024,32,Monaco,fr FRA,Coupe de France,2,2,210,2.3,4,0,4,3,1,1,1,0,,,,,,,,1.71,0.00,1.71,1.29,1.29,,,,,,Matches,,
Gelson Martins,2015-2016,20,Sporting CP,,2. Europa Lg,6,2,273,3.0,1,2,3,1,0,0,0,0,,,,,,,,0.33,0.66,0.99,0.33,0.99,,,,,,Matches,,
Gelson Martins,2016-2017,21,Sporting CP,,1. Champions Lg,6,6,506,5.6,0,0,0,0,0,0,0,0,,,,,,,,0.00,0.00,0.00,0.00,0.00,,,,,,Matches,,
Gelson Martins,2017-2018,22,Sporting CP,,1. Champions Lg,6,5,462,5.1,1,3,4,1,0,0,2,0,1.5,1.5,0.6,2.1,22,11,33,0.19,0.58,0.78,0.19,0.78,0.29,0.11,0.40,0.29,0.40,Matches,,
Gelson Martins,2018-2019,23,Atlético Madrid,,1. Champions Lg,2,1,88,1.0,0,0,0,0,0,0,0,0,0.0,0.0,0.1,0.1,0,3,8,0.00,0.00,0.00,0.00,0.00,0.00,0.10,0.10,0.00,0.10,Matches,,
Gelson Martins,2019-2020,24,Monaco,fr FRA,Coupe de France,2,2,180,2.0,0,0,0,0,0,0,0,0,,,,,,,,0.00,0.00,0.00,0.00,0.00,,,,,,Matches,,
Gelson Martins,2020-2021,25,Monaco,fr FRA,Coupe de France,4,2,180,2.0,0,0,0,0,0,0,0,0,,,,,,,,0.00,0.00,0.00,0.00,0.00,,,,,,Matches,,
Gelson Martins,2021-2022,26,Monaco,fr FRA,Coupe de France,5,3,252,2.8,0,1,1,0,0,0,0,0,,,,,,,,0.00,0.36,0.36,0.00,0.36,,,,,,Matches,,
Gelson Martins,2022-2023,27,Monaco,fr FRA,Coupe de France,1,1,60,0.7,0,0,0,0,0,0,0,0,,,,,,,,0.00,0.00,0.00,0.00,0.00,,,,,,Matches,,
Gelson Martins,2023-2024,28,Olympiacos,gr GRE,1. Super League,14,6,572,6.4,2,3,5,2,0,0,2,0,,,,,,,,0.31,0.47,0.79,0.31,0.79,,,,,,Matches,,
Gelson Martins,2024-2025,29,Olympiacos,,2. Europa Lg,4,4,336,3.7,0,2,2,0,0,0,1,0,0.6,0.6,0.6,1.2,14,11,47,0.00,0.54,0.54,0.00,0.54,0.15,0.17,0.32,0.15,0.32,Matches,,
Cesc Fabregas,2010-2011,23,Arsenal,,1. Champions Lg,5,5,390,4.3,3,2,5,1,2,2,0,0,,,,,,,,0.69,0.46,1.15,0.23,0.69,,,,,,Matches,,
Cesc Fabregas,2011-2012,24,Barcelona,,1. Champions Lg,9,7,662,7.4,1,3,4,1,0,0,0,0,,,,,,,,0.14,0.41,0.54,0.14,0.54,,,,,,Matches,,
Cesc Fabregas,2012-2013,25,Barcelona,,1. Champions Lg,8,6,529,5.9,1,0,1,1,0,0,1,0,,,,,,,,0.17,0.00,0.17,0.17,0.17,,,,,,Matches,,
Cesc Fabregas,2013-2014,26,Barcelona,,1. Champions Lg,9,7,560,6.2,1,2,3,1,0,0,4,0,,,,,,,,0.16,0.32,0.48,0.16,0.48,,,,,,Matches,,
Cesc Fabregas,2014-2015,27,Chelsea,,1. Champions Lg,8,8,696,7.7,2,3,5,1,1,1,2,0,,,,,,,,0.26,0.39,0.65,0.13,0.52,,,,,,Matches,,
Cesc Fabregas,2015-2016,28,Chelsea,,1. Champions Lg,7,7,604,6.7,1,1,2,1,0,0,2,0,,,,,,,,0.15,0.15,0.30,0.15,0.30,,,,,,Matches,,
Cesc Fabregas,2016-2017,29,Chelsea,eng ENG,EFL Cup,2,2,210,2.3,2,1,3,2,0,0,0,0,,,,,,,,0.86,0.43,1.29,0.86,1.29,,,,,,Matches,,
Cesc Fabregas,2017-2018,30,Chelsea,,1. Champions Lg,8,8,691,7.7,1,1,2,0,1,1,0,0,1.6,0.8,3.9,4.6,12,78,21,0.13,0.13,0.26,0.00,0.13,0.20,0.50,0.71,0.10,0.60,Matches,,
Cesc Fabregas,2018-2019,31,Chelsea,eng ENG,Community Shield,1,1,59,0.7,0,0,0,0,0,0,0,0,,,,,,,,0.00,0.00,0.00,0.00,0.00,,,,,,Matches,,
Cesc Fabregas,2019-2020,32,Monaco,fr FRA,Coupe de France,2,1,91,1.0,0,0,0,0,0,0,0,0,,,,,,,,0.00,0.00,0.00,0.00,0.00,,,,,,Matches,,
Cesc Fabregas,2020-2021,33,Monaco,fr FRA,Coupe de France,5,3,309,3.4,1,3,4,1,0,0,0,0,,,,,,,,0.29,0.87,1.17,0.29,1.17,,,,,,Matches,,
Cesc Fabregas,2021-2022,34,Monaco,,2. Europa Lg,1,0,45,0.5,0,0,0,0,0,0,0,0,0.0,0.0,0.1,0.1,1,1,4,0.00,0.00,0.00,0.00,0.00,0.09,0.11,0.20,0.09,0.20,Matches,,
Cesc Fabregas,2022-2023,35,Como,it ITA,2. Serie B,17,9,793,8.8,0,2,2,0,0,0,6,0,0.3,0.3,1.4,1.7,11,74,17,0.00,0.23,0.23,0.00,0.23,0.03,0.16,0.20,0.03,0.20,Matches,,
