Unnamed: -1_level_0,Unnamed: 0_level_0,Unnamed: 1_level_0,Unnamed: 2_level_0,Unnamed: 3_level_0,Unnamed: 4_level_0,Unnamed: 5_level_0,Playing Time,Playing Time,Playing Time,Performance,Performance,Performance,Performance,Performance,Performance,Performance,Performance,Expected,Expected,Expected,Expected,Progression,Progression,Progression,Per 90 Minutes,Per 90 Minutes,Per 90 Minutes,Per 90 Minutes,Per 90 Minutes,Per 90 Minutes,Per 90 Minutes,Per 90 Minutes,Per 90 Minutes,Per 90 Minutes,Unnamed: 34_level_0,Unnamed: 5_level_0,Unnamed: 6_level_0,Unnamed: 35_level_0
Player,Season,Age,Squad,Country,Comp,MP,Starts,Min,90s,Gls,Ast,G+A,G-PK,PK,PKatt,CrdY,CrdR,xG,npxG,xAG,npxG+xAG,PrgC,PrgP,PrgR,Gls,Ast,G+A,G-PK,G+A-PK,xG,xAG,xG+xAG,npxG,npxG+xAG,Matches,LgRank,MP,Matches
Odisseas Vlachodimos,2011-2012,17,Stuttgart II,de GER,3. 3. Liga,2,2,180,2.0,0,0,0,0,0,0,0,0,,,,,,,,0.00,0.00,0.00,0.00,0.00,,,,,,,,,
Odisseas Vlachodimos,2012-2013,18,Stuttgart II,de GER,3. 3. Liga,12,12,1080,12.0,0,0,0,0,0,0,0,0,,,,,,,,0.00,0.00,0.00,0.00,0.00,,,,,,,,,
Odisseas Vlachodimos,2013-2014,19,Stuttgart II,de GER,3. 3. Liga,23,23,2070,23.0,0,0,0,0,0,0,1,0,,,,,,,,0.00,0.00,0.00,0.00,0.00,,,,,,,,,
Odisseas Vlachodimos,2014-2015,20,Stuttgart II,de GER,3. 3. Liga,31,31,2790,31.0,0,0,0,0,0,0,2,0,,,,,,,,0.00,0.00,0.00,0.00,0.00,,,,,,Matches,,,
Odisseas Vlachodimos,2015-2016,21,Stuttgart,de GER,1. Bundesliga,3,2,203,2.3,0,0,0,0,0,0,0,0,,,,,,,,0.00,0.00,0.00,0.00,0.00,,,,,,Matches,,,
Odisseas Vlachodimos,2016-2017,22,Panathinaikos,gr GRE,1. Super League,21,21,1890,21.0,0,0,0,0,0,0,1,0,,,,,,,,0.00,0.00,0.00,0.00,0.00,,,,,,Matches,,,
Odisseas Vlachodimos,2017-2018,23,Panathinaikos,gr GRE,1. Super League,25,25,2250,25.0,0,0,0,0,0,0,4,0,,,,,,,,0.00,0.00,0.00,0.00,0.00,,,,,,Matches,,,
Odisseas Vlachodimos,2018-2019,24,Benfica,,1. Champions Lg,6,6,540,6.0,0,0,0,0,0,0,0,0,0.0,0.0,0.0,0.0,0,0,0,0.00,0.00,0.00,0.00,0.00,0.00,0.00,0.00,0.00,0.00,Matches,,,
Odisseas Vlachodimos,2019-2020,25,Benfica,,1. Champions Lg,6,6,540,6.0,0,0,0,0,0,0,0,0,0.0,0.0,0.0,0.0,0,0,0,0.00,0.00,0.00,0.00,0.00,0.00,0.00,0.00,0.00,0.00,Matches,,,
Odisseas Vlachodimos,2020-2021,26,Benfica,,2. Europa Lg,4,4,360,4.0,0,0,0,0,0,0,0,0,0.0,0.0,0.0,0.0,0,0,0,0.00,0.00,0.00,0.00,0.00,0.00,0.00,0.00,0.00,0.00,Matches,,,
Odisseas Vlachodimos,2021-2022,27,Benfica,,1. Champions Lg,10,10,900,10.0,0,0,0,0,0,0,1,0,0.0,0.0,0.0,0.0,0,0,0,0.00,0.00,0.00,0.00,0.00,0.00,0.00,0.00,0.00,0.00,Matches,,,
Odisseas Vlachodimos,2022-2023,28,Benfica,,1. Champions Lg,10,10,900,10.0,0,0,0,0,0,0,0,0,0.0,0.0,0.0,0.0,0,0,0,0.00,0.00,0.00,0.00,0.00,0.00,0.00,0.00,0.00,0.00,Matches,,,
Odisseas Vlachodimos,2023-2024,29,Nott'ham Forest,eng ENG,FA Cup,2,2,210,2.3,0,0,0,0,0,0,0,0,,,,,,,,0.00,0.00,0.00,0.00,0.00,,,,,,Matches,,,
Odisseas Vlachodimos,2024-2025,30,Newcastle Utd,eng ENG,EFL Cup,1,0,45,0.5,0,0,0,0,0,0,0,0,,,,,,,,0.00,0.00,0.00,0.00,0.00,,,,,,Matches,,,
Joao Mario,2011-2012,18,Sporting CP,,2. Europa Lg,1,0,14,0.2,0,0,0,0,0,0,0,0,,,,,,,,0.00,0.00,0.00,0.00,0.00,,,,,,Matches,,,
Joao Mario,2012-2013,19,Sporting CP,pt POR,1. Primeira Liga,1,0,13,0.1,0,0,0,0,0,0,0,0,,,,,,,,0.00,0.00,0.00,0.00,0.00,,,,,,Matches,,,
Joao Mario,2013-2014,20,Vitória Setúbal,pt POR,1. Primeira Liga,15,14,1227,13.6,0,5,5,0,0,0,4,0,,,,,,,,0.00,0.37,0.37,0.00,0.37,,,,,,Matches,,,
Joao Mario,2014-2015,21,Sporting CP,,1. Champions Lg,6,5,406,4.5,0,1,1,0,0,0,2,0,,,,,,,,0.00,0.22,0.22,0.00,0.22,,,,,,Matches,,,
Joao Mario,2015-2016,22,Sporting CP,,2. Europa Lg,5,4,380,4.2,1,1,2,1,0,0,2,0,,,,,,,,0.24,0.24,0.47,0.24,0.47,,,,,,Matches,,,
Joao Mario,2016-2017,23,Inter,it ITA,Coppa Italia,2,1,165,1.8,0,2,2,0,0,0,0,0,,,,,,,,0.00,1.09,1.09,0.00,1.09,,,,,,Matches,,,
Joao Mario,2017-2018,24,Inter,it ITA,Coppa Italia,1,1,66,0.7,0,0,0,0,0,0,0,0,,,,,,,,0.00,0.00,0.00,0.00,0.00,,,,,,Matches,,,
Joao Mario,2018-2019,25,Inter,it ITA,Coppa Italia,2,1,88,1.0,0,1,1,0,0,0,0,0,,,,,,,,0.00,1.02,1.02,0.00,1.02,,,,,,Matches,,,
Joao Mario,2019-2020,26,Loko Moscow,,1. Champions Lg,4,4,353,3.9,0,2,2,0,0,0,1,0,0.6,0.6,0.7,1.4,7,7,18,0.00,0.51,0.51,0.00,0.51,0.16,0.19,0.35,0.16,0.35,Matches,,,
Joao Mario,2020-2021,27,Sporting CP,pt POR,1. Primeira Liga,28,24,1976,22.0,2,1,3,0,2,3,4,0,4.3,2.0,3.5,5.5,60,116,77,0.09,0.05,0.14,0.00,0.05,0.20,0.16,0.36,0.09,0.25,Matches,,,
Joao Mario,2021-2022,28,Benfica,,1. Champions Lg,8,6,489,5.4,0,4,4,0,0,0,2,0,0.5,0.5,1.4,1.8,8,25,11,0.00,0.74,0.74,0.00,0.74,0.09,0.25,0.34,0.09,0.34,Matches,,,
Joao Mario,2022-2023,29,Benfica,,1. Champions Lg,10,10,861,9.6,6,2,8,1,5,5,2,0,4.7,0.7,2.8,3.5,25,56,71,0.63,0.21,0.84,0.10,0.31,0.49,0.29,0.77,0.07,0.36,Matches,,,
Joao Mario,2023-2024,30,Benfica,,1. Champions Lg,5,5,322,3.6,3,0,3,3,0,0,1,0,1.5,1.5,0.1,1.6,7,14,14,0.84,0.00,0.84,0.84,0.84,0.41,0.04,0.45,0.41,0.45,Matches,,,
Joao Mario,2024-2025,31,Beşiktaş,,2. Europa Lg,4,3,215,2.4,0,0,0,0,0,0,1,0,0.2,0.2,0.2,0.4,6,17,6,0.00,0.00,0.00,0.00,0.00,0.07,0.10,0.17,0.07,0.17,Matches,,,
Nicolas Otamendi,2010-2011,22,Porto,,2. Europa Lg,13,12,1124,12.5,1,0,1,1,0,0,2,0,,,,,,,,0.08,0.00,0.08,0.08,0.08,,,,,,Matches,,,
Nicolas Otamendi,2011-2012,23,Porto,,1. Champions Lg,5,5,442,4.9,0,0,0,0,0,0,3,0,,,,,,,,0.00,0.00,0.00,0.00,0.00,,,,,,Matches,,,
Nicolas Otamendi,2012-2013,24,Porto,,1. Champions Lg,8,8,720,8.0,0,0,0,0,0,0,2,0,,,,,,,,0.00,0.00,0.00,0.00,0.00,,,,,,Matches,,,
Nicolas Otamendi,2013-2014,25,Porto,,1. Champions Lg,4,4,360,4.0,0,0,0,0,0,0,0,0,,,,,,,,0.00,0.00,0.00,0.00,0.00,,,,,,Matches,,,
Nicolas Otamendi,2014-2015,26,Valencia,es ESP,Copa del Rey,3,3,264,2.9,0,0,0,0,0,0,0,0,,,,,,,,0.00,0.00,0.00,0.00,0.00,,,,,,Matches,,,
Nicolas Otamendi,2015-2016,27,Manchester City,,1. Champions Lg,12,11,939,10.4,0,0,0,0,0,0,3,0,,,,,,,,0.00,0.00,0.00,0.00,0.00,,,,,,Matches,,,
Nicolas Otamendi,2016-2017,28,Manchester City,,1. Champions Lg,6,6,540,6.0,0,0,0,0,0,0,2,0,,,,,,,,0.00,0.00,0.00,0.00,0.00,,,,,,Matches,,,
Nicolas Otamendi,2017-2018,29,Manchester City,,1. Champions Lg,8,8,720,8.0,1,0,1,1,0,0,2,0,0.3,0.3,0.0,0.4,6,47,0,0.12,0.00,0.12,0.12,0.12,0.04,0.01,0.04,0.04,0.04,Matches,,,
Nicolas Otamendi,2018-2019,30,Manchester City,,1. Champions Lg,5,5,400,4.4,0,0,0,0,0,0,3,1,0.4,0.4,0.0,0.5,6,9,1,0.00,0.00,0.00,0.00,0.00,0.10,0.01,0.11,0.10,0.11,Matches,,,
Nicolas Otamendi,2019-2020,31,Manchester City,,1. Champions Lg,8,6,557,6.2,0,0,0,0,0,0,1,0,0.4,0.4,0.0,0.4,9,29,2,0.00,0.00,0.00,0.00,0.00,0.06,0.00,0.06,0.06,0.06,Matches,,,
Nicolas Otamendi,2020-2021,32,Benfica,,2. Europa Lg,6,6,468,5.2,0,0,0,0,0,0,0,1,0.1,0.1,0.0,0.1,0,9,1,0.00,0.00,0.00,0.00,0.00,0.01,0.00,0.01,0.01,0.01,Matches,,,
Nicolas Otamendi,2021-2022,33,Benfica,,1. Champions Lg,9,9,810,9.0,0,0,0,0,0,0,2,0,0.4,0.4,0.3,0.7,2,25,1,0.00,0.00,0.00,0.00,0.00,0.04,0.04,0.08,0.04,0.08,Matches,,,
Nicolas Otamendi,2022-2023,34,Benfica,,1. Champions Lg,9,9,793,8.8,0,1,1,0,0,0,3,0,0.3,0.3,0.6,0.9,3,24,2,0.00,0.11,0.11,0.00,0.11,0.03,0.07,0.10,0.03,0.10,Matches,,,
Nicolas Otamendi,2023-2024,35,Benfica,,1. Champions Lg,6,6,540,6.0,0,1,1,0,0,0,1,0,0.5,0.5,0.4,0.9,1,23,3,0.00,0.17,0.17,0.00,0.17,0.08,0.07,0.15,0.08,0.15,Matches,,,
Nicolas Otamendi,2024-2025,36,Benfica,,1. Champions Lg,6,6,540,6.0,0,0,0,0,0,0,1,0,0.6,0.6,0.0,0.6,4,15,0,0.00,0.00,0.00,0.00,0.00,0.10,0.00,0.10,0.10,0.10,Matches,,,
Antonio Silva,2022-2023,18,Benfica,,1. Champions Lg,10,10,894,9.9,2,0,2,2,0,0,1,0,0.7,0.7,0.1,0.8,4,30,1,0.2,0.0,0.2,0.2,0.2,0.07,0.01,0.08,0.07,0.08,Matches,,,
Antonio Silva,2023-2024,19,Benfica,,1. Champions Lg,4,4,277,3.1,0,0,0,0,0,0,0,2,0.0,0.0,0.0,0.0,3,4,0,0.0,0.0,0.0,0.0,0.0,0.0,0.01,0.01,0.0,0.01,Matches,,,
Antonio Silva,2024-2025,20,Benfica,,1. Champions Lg,3,2,185,2.1,0,0,0,0,0,0,0,0,0.0,0.0,0.0,0.0,0,1,0,0.0,0.0,0.0,0.0,0.0,0.0,0.0,0.0,0.0,0.0,Matches,,,
Florentino Luis,2018-2019,18,Benfica,,2. Europa Lg,3,3,237,2.6,0,0,0,0,0,0,0,0,0.0,0.0,0.1,0.1,0,12,0,0.00,0.00,0.00,0.00,0.00,0.01,0.02,0.03,0.01,0.03,Matches,,,
Florentino Luis,2019-2020,19,Benfica,,1. Champions Lg,2,2,180,2.0,0,0,0,0,0,0,1,0,0.0,0.0,0.0,0.0,0,6,0,0.00,0.00,0.00,0.00,0.00,0.00,0.00,0.00,0.00,0.00,Matches,,,
Florentino Luis,2020-2021,20,Monaco,fr FRA,Coupe de France,2,0,29,0.3,0,0,0,0,0,0,0,0,,,,,,,,0.00,0.00,0.00,0.00,0.00,,,,,,Matches,,,
Florentino Luis,2021-2022,21,Getafe,es ESP,Copa del Rey,2,2,180,2.0,0,1,1,0,0,0,0,0,,,,,,,,0.00,0.50,0.50,0.00,0.50,,,,,,Matches,,,
Florentino Luis,2022-2023,22,Benfica,,1. Champions Lg,10,10,859,9.5,0,0,0,0,0,0,2,0,0.4,0.4,0.0,0.4,2,42,10,0.00,0.00,0.00,0.00,0.00,0.04,0.00,0.04,0.04,0.04,Matches,,,
Florentino Luis,2023-2024,23,Benfica,,1. Champions Lg,3,2,109,1.2,0,0,0,0,0,0,1,0,0.0,0.0,0.0,0.0,1,3,1,0.00,0.00,0.00,0.00,0.00,0.00,0.00,0.00,0.00,0.00,Matches,,,
Florentino Luis,2024-2025,24,Benfica,,1. Champions Lg,5,5,398,4.4,0,0,0,0,0,0,2,0,0.0,0.0,0.0,0.0,1,6,1,0.00,0.00,0.00,0.00,0.00,0.00,0.00,0.00,0.00,0.00,Matches,,,
Fredrik Aursnes,2015-2016,19,Molde,,2. Europa Lg,2,2,170,1.9,0,0,0,0,0,0,0,0,,,,,,,,0.00,0.00,0.00,0.00,0.00,,,,,,Matches,,,
Fredrik Aursnes,2020-2021,24,Molde,,2. Europa Lg,10,10,887,9.9,0,1,1,0,0,0,2,0,1.2,1.2,1.0,2.3,22,77,29,0.00,0.10,0.10,0.00,0.10,0.13,0.10,0.23,0.13,0.23,Matches,,,
Fredrik Aursnes,2021-2022,25,Feyenoord,,3. Conf Lg,13,11,979,10.9,0,0,0,0,0,0,2,0,0.5,0.5,0.3,0.8,14,68,15,0.00,0.00,0.00,0.00,0.00,0.04,0.03,0.08,0.04,0.08,Matches,,,
Fredrik Aursnes,2022-2023,26,Benfica,,1. Champions Lg,10,7,620,6.9,1,0,1,1,0,0,0,0,0.5,0.5,0.6,1.1,12,30,45,0.15,0.00,0.15,0.15,0.15,0.07,0.09,0.16,0.07,0.16,Matches,,,
Fredrik Aursnes,2023-2024,27,Benfica,,1. Champions Lg,6,6,540,6.0,0,1,1,0,0,0,0,0,0.1,0.1,0.8,0.9,10,24,37,0.00,0.17,0.17,0.00,0.17,0.01,0.14,0.15,0.01,0.15,Matches,,,
Fredrik Aursnes,2024-2025,28,Benfica,,1. Champions Lg,6,5,479,5.3,0,1,1,0,0,0,2,0,0.2,0.2,0.8,1.0,16,27,17,0.00,0.19,0.19,0.00,0.19,0.03,0.15,0.18,0.03,0.18,Matches,,,
David Neres,2016-2017,19,Jong Ajax,nl NED,2. Eerste Divisie,4,4,267,3.0,2,1,3,2,0,0,1,0,,,,,,,,0.67,0.34,1.01,0.67,1.01,,,,,,Matches,,,
David Neres,2017-2018,20,Jong Ajax,nl NED,2. Eerste Divisie,1,1,90,1.0,1,0,1,1,0,0,0,0,,,,,,,,1.00,0.00,1.00,1.00,1.00,,,,,,Matches,,,
David Neres,2018-2019,21,Ajax,,1. Champions Lg,11,10,848,9.4,2,2,4,2,0,0,0,0,2.5,2.5,1.8,4.3,37,24,75,0.21,0.21,0.42,0.21,0.42,0.27,0.19,0.46,0.27,0.46,Matches,,,
David Neres,2019-2020,22,Ajax,,1. Champions Lg,4,2,180,2.0,0,1,1,0,0,0,0,0,0.2,0.2,0.1,0.3,7,6,24,0.00,0.50,0.50,0.00,0.50,0.08,0.05,0.13,0.08,0.13,Matches,,,
David Neres,2020-2021,23,Ajax,,1. Champions Lg,4,4,310,3.4,1,0,1,1,0,0,1,0,0.6,0.6,2.3,2.9,15,12,43,0.29,0.00,0.29,0.29,0.29,0.18,0.66,0.84,0.18,0.84,Matches,,,
David Neres,2021-2022,24,Ajax,,1. Champions Lg,5,2,205,2.3,1,0,1,1,0,0,0,0,0.6,0.6,0.6,1.2,6,6,36,0.44,0.00,0.44,0.44,0.44,0.27,0.27,0.54,0.27,0.54,Matches,,,
David Neres,2022-2023,25,Benfica,,1. Champions Lg,9,4,444,4.9,3,1,4,3,0,0,2,0,1.9,1.9,1.2,3.1,24,23,47,0.61,0.20,0.81,0.61,0.81,0.38,0.25,0.63,0.38,0.63,Matches,,,
David Neres,2023-2024,26,Benfica,,1. Champions Lg,3,2,177,2.0,0,0,0,0,0,0,0,0,0.2,0.2,0.0,0.2,9,6,21,0.00,0.00,0.00,0.00,0.00,0.08,0.02,0.10,0.08,0.10,Matches,,,
David Neres,2024-2025,27,Napoli,it ITA,Coppa Italia,2,2,165,1.8,1,1,2,1,0,0,1,0,,,,,,,,0.55,0.55,1.09,0.55,1.09,,,,,,Matches,,,
Alexander Bah,2018-2019,20,SønderjyskE,dk DEN,1. Danish Superliga,21,17,1511,16.8,2,0,2,2,0,0,5,0,,,,,,,,0.12,0.00,0.12,0.12,0.12,,,,,,Matches,,,
Alexander Bah,2019-2020,21,SønderjyskE,dk DEN,1. Danish Superliga,29,28,2413,26.8,1,2,3,1,0,0,8,0,,,,,,,,0.04,0.07,0.11,0.04,0.11,,,,,,Matches,,,
Alexander Bah,2020-2021,22,SønderjyskE,dk DEN,1. Danish Superliga,12,12,996,11.1,4,3,7,4,0,0,4,0,,,,,,,,0.36,0.27,0.63,0.36,0.63,,,,,,Matches,,,
Alexander Bah,2021-2022,23,Slavia Prague,,3. Conf Lg,11,11,927,10.3,2,3,5,2,0,0,3,0,1.5,1.5,1.7,3.2,11,49,50,0.19,0.29,0.49,0.19,0.49,0.15,0.17,0.31,0.15,0.31,Matches,,,
Alexander Bah,2022-2023,24,Benfica,,1. Champions Lg,8,8,654,7.3,0,2,2,0,0,0,1,0,0.1,0.1,1.0,1.0,16,44,34,0.00,0.28,0.28,0.00,0.28,0.01,0.13,0.14,0.01,0.14,Matches,,,
Alexander Bah,2023-2024,25,Benfica,,1. Champions Lg,3,3,191,2.1,0,0,0,0,0,0,0,0,0.0,0.0,0.1,0.1,4,9,6,0.00,0.00,0.00,0.00,0.00,0.00,0.04,0.04,0.00,0.04,Matches,,,
Alexander Bah,2024-2025,26,Benfica,,1. Champions Lg,5,5,388,4.3,1,0,1,1,0,0,1,0,0.7,0.7,0.3,1.1,8,16,21,0.23,0.00,0.23,0.23,0.23,0.17,0.08,0.25,0.17,0.25,Matches,,,
Enzo Fernandez,2018-2019,17,River Plate,ar ARG,1. Liga Argentina,0,0,,,,,,,,,,,,,,,,,,,,,,,,,,,,Matches,,,
Enzo Fernandez,2022-2023,21,Benfica,,1. Champions Lg,5,5,427,4.7,0,1,1,0,0,0,3,0,0.4,0.4,0.3,0.8,7,32,3,0.00,0.21,0.21,0.00,0.21,0.09,0.07,0.16,0.09,0.16,Matches,,,
Enzo Fernandez,2023-2024,22,Chelsea,eng ENG,EFL Cup,7,5,431,4.8,2,0,2,2,0,0,0,0,,,,,,,,0.42,0.00,0.42,0.42,0.42,,,,,,Matches,,,
Enzo Fernandez,2024-2025,23,Chelsea,,3. Conf Lg,2,2,114,1.3,0,4,4,0,0,0,0,0,0.1,0.1,0.6,0.7,2,7,4,0.00,3.16,3.16,0.00,3.16,0.11,0.46,0.57,0.11,0.57,Matches,,,
Chiquinho,2016-2017,21,Lokomotiva,hr CRO,1. 1. HNL,6,1,204,2.3,0,0,0,0,0,0,0,0,,,,,,,,0.00,0.00,0.00,0.00,0.00,,,,,,Matches,,,
Chiquinho,2018-2019,23,Moreirense,pt POR,1. Primeira Liga,34,32,2869,31.9,8,7,15,8,0,0,3,0,5.6,5.6,7.8,13.4,91,169,175,0.25,0.22,0.47,0.25,0.47,0.17,0.25,0.42,0.17,0.42,Matches,,,
Chiquinho,2019-2020,24,Benfica,,1. Champions Lg,3,3,270,3.0,0,0,0,0,0,0,0,0,0.3,0.3,0.4,0.7,11,16,20,0.00,0.00,0.00,0.00,0.00,0.11,0.12,0.23,0.11,0.23,Matches,,,
Chiquinho,2020-2021,25,Benfica,,2. Europa Lg,3,2,120,1.3,0,0,0,0,0,0,1,0,0.1,0.1,0.0,0.1,3,8,5,0.00,0.00,0.00,0.00,0.00,0.06,0.00,0.06,0.06,0.06,Matches,,,
Chiquinho,2021-2022,26,Braga,,2. Europa Lg,3,1,138,1.5,0,0,0,0,0,0,0,0,0.3,0.3,0.1,0.4,8,6,5,0.00,0.00,0.00,0.00,0.00,0.21,0.04,0.26,0.21,0.26,Matches,,,
Chiquinho,2022-2023,27,Benfica,,1. Champions Lg,9,4,404,4.5,0,1,1,0,0,0,0,0,0.4,0.4,0.3,0.7,9,37,12,0.00,0.22,0.22,0.00,0.22,0.09,0.06,0.15,0.09,0.15,Matches,,,
Chiquinho,2023-2024,28,Benfica,,1. Champions Lg,5,0,58,0.6,0,0,0,0,0,0,0,0,0.0,0.0,0.0,0.0,1,6,0,0.00,0.00,0.00,0.00,0.00,0.06,0.00,0.06,0.06,0.06,Matches,,,
Chiquinho,2024-2025,29,Olympiacos,,2. Europa Lg,4,4,305,3.4,0,1,1,0,0,0,0,0,0.6,0.6,0.6,1.2,5,9,25,0.00,0.30,0.30,0.00,0.30,0.16,0.18,0.34,0.16,0.34,Matches,,,
Gilberto,2015-2016,22,Fiorentina,it ITA,Coppa Italia,0,0,,,,,,,,,,,,,,,,,,,,,,,,,,,,Matches,,,
Gilberto,2016-2017,23,Latina,it ITA,2. Serie B,9,8,692,7.7,0,0,0,0,0,0,5,0,,,,,,,,0.00,0.00,0.00,0.00,0.00,,,,,,Matches,,,
Gilberto,2020-2021,27,Benfica,,2. Europa Lg,4,3,293,3.3,0,1,1,0,0,0,0,0,0.0,0.0,0.4,0.4,20,24,13,0.00,0.31,0.31,0.00,0.31,0.00,0.13,0.13,0.00,0.13,Matches,,,
Gilberto,2021-2022,28,Benfica,,1. Champions Lg,9,8,713,7.9,1,0,1,1,0,0,1,0,0.4,0.4,0.1,0.4,20,36,17,0.13,0.00,0.13,0.13,0.13,0.05,0.01,0.06,0.05,0.06,Matches,,,
Gilberto,2022-2023,29,Benfica,,1. Champions Lg,5,2,201,2.2,0,0,0,0,0,0,1,0,0.0,0.0,0.0,0.0,12,16,20,0.00,0.00,0.00,0.00,0.00,0.00,0.00,0.00,0.00,0.00,Matches,,,
Morato,2020-2021,19,Benfica,pt POR,1. Primeira Liga,2,1,91,1.0,0,0,0,0,0,0,0,0,0.1,0.1,0.0,0.1,2,6,0,0.00,0.00,0.00,0.00,0.00,0.09,0.00,0.09,0.09,0.09,Matches,,,
Morato,2021-2022,20,Benfica,,1. Champions Lg,2,2,180,2.0,1,0,1,1,0,0,0,0,0.1,0.1,0.0,0.1,3,17,1,0.50,0.00,0.50,0.50,0.50,0.04,0.00,0.04,0.04,0.04,Matches,,,
Morato,2022-2023,21,Benfica,,1. Champions Lg,2,1,107,1.2,0,0,0,0,0,0,0,0,0.0,0.0,0.0,0.0,0,8,1,0.00,0.00,0.00,0.00,0.00,0.00,0.02,0.02,0.00,0.02,Matches,,,
Morato,2023-2024,22,Benfica,,1. Champions Lg,5,4,435,4.8,0,0,0,0,0,0,2,0,0.3,0.3,0.4,0.6,12,15,11,0.00,0.00,0.00,0.00,0.00,0.05,0.07,0.13,0.05,0.13,Matches,,,
Morato,2024-2025,23,Nott'ham Forest,eng ENG,1. Premier League,10,1,264,2.9,0,0,0,0,0,0,0,0,0.0,0.0,0.0,0.0,0,6,0,0.00,0.00,0.00,0.00,0.00,0.00,0.00,0.00,0.00,0.00,Matches,,,
Joao Neves,2022-2023,17,Benfica,,1. Champions Lg,3,0,29,0.3,0,1,1,0,0,0,0,0,0.0,0.0,0.1,0.1,1,2,2,0.00,3.10,3.10,0.00,3.10,0.00,0.24,0.24,0.00,0.24,Matches,,,
Joao Neves,2023-2024,18,Benfica,,1. Champions Lg,6,6,540,6.0,0,0,0,0,0,0,0,0,0.4,0.4,0.2,0.6,3,28,7,0.00,0.00,0.00,0.00,0.00,0.07,0.03,0.10,0.07,0.10,Matches,,,
Joao Neves,2024-2025,19,Paris S-G,,1. Champions Lg,6,5,454,5.0,0,0,0,0,0,0,0,0,0.7,0.7,0.3,1.1,10,39,13,0.00,0.00,0.00,0.00,0.00,0.15,0.07,0.21,0.15,0.21,Matches,,,
Goncalo Guedes,2014-2015,17,Benfica,,1. Champions Lg,0,0,,,,,,,,,,,,,,,,,,,,,,,,,,,,Matches,,,
Goncalo Guedes,2015-2016,18,Benfica,,1. Champions Lg,7,6,496,5.5,1,0,1,1,0,0,2,0,,,,,,,,0.18,0.00,0.18,0.18,0.18,,,,,,Matches,,,
Goncalo Guedes,2016-2017,19,Benfica,,1. Champions Lg,6,5,422,4.7,2,0,2,2,0,0,0,0,,,,,,,,0.43,0.00,0.43,0.43,0.43,,,,,,Matches,,,
Goncalo Guedes,2017-2018,20,Valencia,es ESP,Copa del Rey,5,2,285,3.2,1,0,1,1,0,0,2,0,,,,,,,,0.32,0.00,0.32,0.32,0.32,,,,,,Matches,,,
Goncalo Guedes,2018-2019,21,Valencia,,1. Champions Lg,4,4,314,3.5,0,0,0,0,0,0,1,0,0.4,0.4,0.0,0.4,17,16,31,0.00,0.00,0.00,0.00,0.00,0.12,0.00,0.12,0.12,0.12,Matches,,,
Goncalo Guedes,2019-2020,22,Valencia,,1. Champions Lg,3,2,198,2.2,0,0,0,0,0,0,0,0,0.4,0.4,0.1,0.4,7,5,16,0.00,0.00,0.00,0.00,0.00,0.17,0.03,0.20,0.17,0.20,Matches,,,
Goncalo Guedes,2020-2021,23,Valencia,es ESP,Copa del Rey,3,2,205,2.3,2,1,3,2,0,0,0,0,,,,,,,,0.88,0.44,1.32,0.88,1.32,,,,,,Matches,,,
Goncalo Guedes,2021-2022,24,Valencia,es ESP,Copa del Rey,6,4,401,4.5,2,0,2,2,0,0,0,0,,,,,,,,0.45,0.00,0.45,0.45,0.45,,,,,,Matches,,,
Goncalo Guedes,2022-2023,25,Benfica,,1. Champions Lg,2,0,43,0.5,0,0,0,0,0,0,0,0,0.0,0.0,0.0,0.1,4,2,2,0.00,0.00,0.00,0.00,0.00,0.08,0.03,0.12,0.08,0.12,Matches,,,
Goncalo Guedes,2023-2024,26,Benfica,,1. Champions Lg,2,0,29,0.3,0,0,0,0,0,0,0,0,0.0,0.0,0.0,0.0,1,3,4,0.00,0.00,0.00,0.00,0.00,0.00,0.12,0.12,0.00,0.12,Matches,,,
Goncalo Guedes,2024-2025,27,Wolves,eng ENG,EFL Cup,2,2,155,1.7,3,0,3,3,0,0,0,0,,,,,,,,1.74,0.00,1.74,1.74,1.74,,,,,,Matches,,,
Julian Draxler,2010-2011,16,Schalke 04,de GER,1. Bundesliga,15,3,509,5.7,1,0,1,1,0,0,1,0,,,,,,,,0.18,0.00,0.18,0.18,0.18,,,,,,Matches,,,
Julian Draxler,2011-2012,17,Schalke 04,de GER,1. Bundesliga,30,21,1762,19.6,2,3,5,2,0,0,2,0,,,,,,,,0.10,0.15,0.26,0.10,0.26,,,,,,Matches,,,
Julian Draxler,2012-2013,18,Schalke 04,de GER,1. Bundesliga,30,24,2131,23.7,10,3,13,10,0,1,5,0,,,,,,,,0.42,0.13,0.55,0.42,0.55,,,,,,Matches,,,
Julian Draxler,2013-2014,19,Schalke 04,de GER,1. Bundesliga,26,25,2145,23.8,2,7,9,2,0,0,5,0,,,,,,,,0.08,0.29,0.38,0.08,0.38,,,,,,Matches,,,
Julian Draxler,2014-2015,20,Schalke 04,de GER,1. Bundesliga,15,8,775,8.6,2,1,3,2,0,0,1,1,,,,,,,,0.23,0.12,0.35,0.23,0.35,,,,,,Matches,,,
Julian Draxler,2015-2016,21,Wolfsburg,de GER,1. Bundesliga,21,19,1517,16.9,5,5,10,5,0,0,4,1,,,,,,,,0.30,0.30,0.59,0.30,0.59,,,,,,Matches,,,
Julian Draxler,2016-2017,22,Wolfsburg,de GER,1. Bundesliga,13,12,1050,11.7,0,2,2,0,0,0,0,0,,,,,,,,0.00,0.17,0.17,0.00,0.17,,,,,,Matches,,,
Julian Draxler,2017-2018,23,Paris S-G,,1. Champions Lg,8,3,315,3.5,0,1,1,0,0,0,1,0,0.2,0.2,0.4,0.6,10,19,21,0.00,0.29,0.29,0.00,0.29,0.05,0.12,0.17,0.05,0.17,Matches,,,
Julian Draxler,2018-2019,24,Paris S-G,,1. Champions Lg,7,3,287,3.2,0,1,1,0,0,0,2,0,0.1,0.1,0.8,0.9,12,23,16,0.00,0.31,0.31,0.00,0.31,0.03,0.26,0.29,0.03,0.29,Matches,,,
Julian Draxler,2019-2020,25,Paris S-G,,1. Champions Lg,5,0,70,0.8,0,0,0,0,0,0,0,0,0.1,0.1,0.1,0.2,4,3,4,0.00,0.00,0.00,0.00,0.00,0.11,0.09,0.20,0.11,0.20,Matches,,,
Julian Draxler,2020-2021,26,Paris S-G,,1. Champions Lg,5,3,267,3.0,0,1,1,0,0,0,1,0,0.1,0.1,0.5,0.6,7,11,7,0.00,0.34,0.34,0.00,0.34,0.03,0.17,0.20,0.03,0.20,Matches,,,
Julian Draxler,2021-2022,27,Paris S-G,,1. Champions Lg,4,1,143,1.6,0,0,0,0,0,0,0,0,0.1,0.1,0.1,0.3,2,7,8,0.00,0.00,0.00,0.00,0.00,0.09,0.09,0.18,0.09,0.18,Matches,,,
Julian Draxler,2022-2023,28,Benfica,,1. Champions Lg,3,0,32,0.4,0,0,0,0,0,0,0,0,0.1,0.1,0.0,0.1,0,3,2,0.00,0.00,0.00,0.00,0.00,0.20,0.00,0.20,0.20,0.20,Matches,,,
Mihailo Ristic,2014-2015,18,Red Star,rs SRB,1. SuperLiga,23,14,1346,15.0,2,0,2,0,2,2,3,0,,,,,,,,0.13,0.00,0.13,0.00,0.00,,,,,,,,,
Mihailo Ristic,2015-2016,19,Red Star,rs SRB,1. SuperLiga,29,13,1272,14.1,2,2,4,2,0,0,3,0,,,,,,,,0.14,0.14,0.28,0.14,0.28,,,,,,Matches,,,
Mihailo Ristic,2016-2017,20,Red Star,rs SRB,1. SuperLiga,26,17,1564,17.4,4,3,7,4,0,0,3,0,,,,,,,,0.23,0.17,0.40,0.23,0.40,,,,,,Matches,,,
Mihailo Ristic,2017-2018,21,Sparta Prague,cz CZE,1. First League,2,0,34,0.4,0,0,0,0,0,0,0,0,,,,,,,,0.00,0.00,0.00,0.00,0.00,,,,,,Matches,,,
Mihailo Ristic,2018-2019,22,Sparta Prague,cz CZE,1. First League,1,0,1,0.0,0,0,0,0,0,1,0,0,,,,,,,,0.00,0.00,0.00,0.00,0.00,,,,,,Matches,,,
Mihailo Ristic,2019-2020,23,Montpellier,fr FRA,Coupe de France,1,1,90,1.0,0,0,0,0,0,0,0,0,,,,,,,,0.00,0.00,0.00,0.00,0.00,,,,,,Matches,,,
Mihailo Ristic,2020-2021,24,Montpellier,fr FRA,Coupe de France,4,2,279,3.1,0,0,0,0,0,0,1,0,,,,,,,,0.00,0.00,0.00,0.00,0.00,,,,,,Matches,,,
Mihailo Ristic,2021-2022,25,Montpellier,fr FRA,Coupe de France,2,2,180,2.0,1,0,1,1,0,0,0,0,,,,,,,,0.50,0.00,0.50,0.50,0.50,,,,,,Matches,,,
Mihailo Ristic,2022-2023,26,Benfica,,1. Champions Lg,0,0,,,,,,,,,,,,,,,,,,,,,,,,,,,,Matches,,,
Mihailo Ristic,2023-2024,27,Celta Vigo,es ESP,Copa del Rey,3,3,243,2.7,0,0,0,0,0,0,1,0,,,,,,,,0.00,0.00,0.00,0.00,0.00,,,,,,Matches,,,
Mihailo Ristic,2024-2025,28,Celta Vigo,es ESP,Copa del Rey,2,2,180,2.0,0,2,2,0,0,0,0,0,,,,,,,,0.00,1.00,1.00,0.00,1.00,,,,,,Matches,,,
Casper Tengstedt,2020-2021,20,Horsens,dk DEN,1. Danish Superliga,24,10,984,10.9,3,2,5,3,0,0,2,0,,,,,,,,0.27,0.18,0.46,0.27,0.46,,,,,,Matches,,,
Casper Tengstedt,2022-2023,22,Benfica,,1. Champions Lg,0,0,,,,,,,,,,,,,,,,,,,,,,,,,,,,Matches,,,
Casper Tengstedt,2023-2024,23,Benfica,,1. Champions Lg,4,2,137,1.5,0,1,1,0,0,0,0,0,0.1,0.1,0.4,0.5,6,5,10,0.00,0.66,0.66,0.00,0.66,0.09,0.25,0.34,0.09,0.34,Matches,,,
Casper Tengstedt,2024-2025,24,Hellas Verona,it ITA,Coppa Italia,1,0,20,0.2,1,0,1,1,0,0,0,0,,,,,,,,4.50,0.00,4.50,4.50,4.50,,,,,,Matches,,,
Lucas Verissimo,2020-2021,25,Benfica,,2. Europa Lg,2,2,174,1.9,0,0,0,0,0,0,0,0,0.0,0.0,0.0,0.0,0,7,0,0.00,0.00,0.00,0.00,0.00,0.00,0.00,0.00,0.00,0.00,Matches,,,
Lucas Verissimo,2021-2022,26,Benfica,,1. Champions Lg,3,3,270,3.0,0,0,0,0,0,0,1,0,0.1,0.1,0.1,0.3,0,5,0,0.00,0.00,0.00,0.00,0.00,0.05,0.04,0.09,0.05,0.09,Matches,,,
Lucas Verissimo,2022-2023,27,Benfica,,1. Champions Lg,2,0,6,0.1,0,0,0,0,0,0,0,0,0.0,0.0,0.0,0.0,0,0,0,0.00,0.00,0.00,0.00,0.00,0.00,0.00,0.00,0.00,0.00,Matches,,,
John Brooks,2012-2013,19,Hertha BSC,de GER,2. 2. Bundesliga,29,26,2258,25.1,1,0,1,1,0,0,0,0,,,,,,,,0.04,0.00,0.04,0.04,0.04,,,,,,,,,
John Brooks,2013-2014,20,Hertha BSC,de GER,1. Bundesliga,16,14,1054,11.7,2,0,2,2,0,0,2,0,,,,,,,,0.17,0.00,0.17,0.17,0.17,,,,,,Matches,,,
John Brooks,2014-2015,21,Hertha BSC,de GER,1. Bundesliga,27,24,2188,24.3,1,0,1,1,0,0,5,0,,,,,,,,0.04,0.00,0.04,0.04,0.04,,,,,,Matches,,,
John Brooks,2015-2016,22,Hertha BSC,de GER,1. Bundesliga,23,20,1810,20.1,1,1,2,1,0,0,3,0,,,,,,,,0.05,0.05,0.10,0.05,0.10,,,,,,Matches,,,
John Brooks,2016-2017,23,Hertha BSC,de GER,1. Bundesliga,24,24,2115,23.5,2,0,2,2,0,0,5,0,,,,,,,,0.09,0.00,0.09,0.09,0.09,,,,,,Matches,,,
John Brooks,2017-2018,24,Wolfsburg,de GER,1. Bundesliga,9,9,727,8.1,0,0,0,0,0,0,1,0,0.1,0.1,0.0,0.1,0,9,0,0.00,0.00,0.00,0.00,0.00,0.01,0.00,0.01,0.01,0.01,Matches,,,
John Brooks,2018-2019,25,Wolfsburg,de GER,1. Bundesliga,29,29,2610,29.0,3,2,5,3,0,0,7,0,2.6,2.6,0.8,3.4,27,135,3,0.10,0.07,0.17,0.10,0.17,0.09,0.03,0.12,0.09,0.12,Matches,,,
John Brooks,2019-2020,26,Wolfsburg,de GER,1. Bundesliga,25,25,2224,24.7,0,1,1,0,0,0,4,0,1.2,1.2,1.7,2.9,14,81,6,0.00,0.04,0.04,0.00,0.04,0.05,0.07,0.12,0.05,0.12,Matches,,,
John Brooks,2020-2021,27,Wolfsburg,de GER,1. Bundesliga,32,31,2774,30.8,2,0,2,2,0,0,5,0,1.6,1.6,0.4,2.1,28,144,6,0.06,0.00,0.06,0.06,0.06,0.05,0.01,0.07,0.05,0.07,Matches,,,
John Brooks,2021-2022,28,Wolfsburg,de GER,1. Bundesliga,31,29,2615,29.1,1,1,2,1,0,0,2,0,0.7,0.7,0.4,1.1,22,130,4,0.03,0.03,0.07,0.03,0.07,0.02,0.02,0.04,0.02,0.04,Matches,,,
John Brooks,2022-2023,29,Hoffenheim,de GER,1. Bundesliga,15,15,1350,15.0,0,0,0,0,0,0,4,0,0.4,0.4,0.0,0.4,2,40,1,0.00,0.00,0.00,0.00,0.00,0.02,0.00,0.02,0.02,0.02,Matches,,,
John Brooks,2023-2024,30,Hoffenheim,de GER,1. Bundesliga,21,18,1539,17.1,2,0,2,2,0,0,6,1,2.6,2.6,0.1,2.7,5,61,1,0.12,0.00,0.12,0.12,0.12,0.15,0.01,0.16,0.15,0.16,Matches,,,
Samuel Soares,2022-2023,20,Benfica,pt POR,1. Primeira Liga,,0,3.0,0.0,0.0,0.0,0.0,0.0,0.0,0.0,0.0,0.0,0.0,0.0,0.0,0.0,0.0,0.0,0.0,0.0,0.0,0.0,0.0,0.0,0.0,0.0,0.0,0.0,0.0,,1st,1.0,Matches
Samuel Soares,2023-2024,21,Benfica,pt POR,1. Primeira Liga,,5,450.0,5.0,0.0,0.0,0.0,0.0,0.0,0.0,0.0,0.0,0.0,0.0,0.0,0.0,0.0,0.0,0.0,0.0,0.0,0.0,0.0,0.0,0.0,0.0,0.0,0.0,0.0,,2nd,5.0,Matches
Samuel Soares,2024-2025,22,Benfica,pt POR,1. Primeira Liga,,0,,,,,,,,,,,,,,,,,,,,,,,,,,,,,1st,0.0,Matches
Jan Vertonghen,2010-2011,23,Ajax,,1. Champions Lg,5,5,450,5.0,0,0,0,0,0,0,1,0,,,,,,,,0.00,0.00,0.00,0.00,0.00,,,,,,Matches,,,
Jan Vertonghen,2011-2012,24,Ajax,,1. Champions Lg,6,6,540,6.0,0,0,0,0,0,0,1,0,,,,,,,,0.00,0.00,0.00,0.00,0.00,,,,,,Matches,,,
Jan Vertonghen,2012-2013,25,Tottenham,,2. Europa Lg,12,12,1111,12.3,1,0,1,1,0,0,1,1,,,,,,,,0.08,0.00,0.08,0.08,0.08,,,,,,Matches,,,
Jan Vertonghen,2013-2014,26,Tottenham,,2. Europa Lg,7,5,521,5.8,1,0,1,1,0,0,3,0,,,,,,,,0.17,0.00,0.17,0.17,0.17,,,,,,Matches,,,
Jan Vertonghen,2014-2015,27,Tottenham,,2. Europa Lg,6,6,525,5.8,0,0,0,0,0,0,0,0,,,,,,,,0.00,0.00,0.00,0.00,0.00,,,,,,Matches,,,
Jan Vertonghen,2015-2016,28,Tottenham,,2. Europa Lg,4,4,360,4.0,0,0,0,0,0,0,0,0,,,,,,,,0.00,0.00,0.00,0.00,0.00,,,,,,Matches,,,
Jan Vertonghen,2016-2017,29,Tottenham,,1. Champions Lg,5,5,450,5.0,0,0,0,0,0,0,0,0,,,,,,,,0.00,0.00,0.00,0.00,0.00,,,,,,Matches,,,
Jan Vertonghen,2017-2018,30,Tottenham,,1. Champions Lg,6,6,540,6.0,0,1,1,0,0,0,1,2,0.1,0.1,0.2,0.3,6,24,6,0.00,0.17,0.17,0.00,0.17,0.01,0.04,0.05,0.01,0.05,Matches,,,
Jan Vertonghen,2018-2019,31,Tottenham,,1. Champions Lg,10,10,848,9.4,1,1,2,1,0,0,1,0,1.7,1.7,0.4,2.1,4,27,8,0.11,0.11,0.21,0.11,0.21,0.18,0.04,0.22,0.18,0.22,Matches,,,
Jan Vertonghen,2019-2020,32,Tottenham,,1. Champions Lg,3,3,252,2.8,0,0,0,0,0,0,0,0,0.0,0.0,0.0,0.0,1,5,1,0.00,0.00,0.00,0.00,0.00,0.00,0.00,0.00,0.00,0.00,Matches,,,
Jan Vertonghen,2020-2021,33,Benfica,,2. Europa Lg,8,8,720,8.0,1,0,1,1,0,0,1,0,0.2,0.2,0.0,0.2,3,32,0,0.12,0.00,0.12,0.12,0.12,0.02,0.00,0.02,0.02,0.02,Matches,,,
Jan Vertonghen,2021-2022,34,Benfica,,1. Champions Lg,10,10,900,10.0,0,0,0,0,0,0,0,0,0.4,0.4,0.0,0.4,1,13,0,0.00,0.00,0.00,0.00,0.00,0.04,0.00,0.04,0.04,0.04,Matches,,,
Jan Vertonghen,2022-2023,35,Anderlecht,,3. Conf Lg,11,10,985,10.9,1,0,1,1,0,0,0,0,0.2,0.2,0.0,0.2,7,46,1,0.09,0.00,0.09,0.09,0.09,0.02,0.00,0.02,0.02,0.02,Matches,,,
Jan Vertonghen,2023-2024,36,Anderlecht,be BEL,1. Pro League A,27,27,2425,26.9,3,1,4,3,0,0,4,0,1.2,1.2,1.0,2.2,15,142,8,0.11,0.04,0.15,0.11,0.15,0.04,0.04,0.08,0.04,0.08,Matches,,,
Jan Vertonghen,2024-2025,37,Anderlecht,be BEL,1. Pro League A,2,2,180,2.0,0,0,0,0,0,0,0,0,0.0,0.0,0.0,0.0,3,20,1,0.00,0.00,0.00,0.00,0.00,0.01,0.00,0.01,0.01,0.01,Matches,,,
Cher Ndour,2022-2023,18,Benfica,,1. Champions Lg,0,0,,,,,,,,,,,,,,,,,,,,,,,,,,,,Matches,,,
Cher Ndour,2023-2024,19,Paris S-G,fr FRA,Coupe de France,1,1,90,1.0,1,0,1,1,0,0,0,0,,,,,,,,1.00,0.00,1.00,1.00,1.00,,,,,,Matches,,,
Cher Ndour,2024-2025,20,Beşiktaş,,2. Europa Lg,6,4,372,4.1,0,0,0,0,0,0,2,0,0.4,0.4,0.2,0.6,2,18,7,0.00,0.00,0.00,0.00,0.00,0.10,0.04,0.14,0.10,0.14,Matches,,,
Andreas Schjelderup,2020-2021,16,Nordsjælland,dk DEN,1. Danish Superliga,16,12,984,10.9,3,2,5,3,0,0,0,0,,,,,,,,0.27,0.18,0.46,0.27,0.46,,,,,,Matches,,,
Andreas Schjelderup,2021-2022,17,Nordsjælland,dk DEN,1. Danish Superliga,22,16,1357,15.1,4,0,4,2,2,2,2,0,,,,,,,,0.27,0.00,0.27,0.13,0.13,,,,,,Matches,,,
Andreas Schjelderup,2022-2023,18,Benfica,,1. Champions Lg,1,0,2,0.0,0,0,0,0,0,0,0,0,0.0,0.0,0.0,0.0,0,1,0,0.00,0.00,0.00,0.00,0.00,0.00,0.00,0.00,0.00,0.00,Matches,,,
Andreas Schjelderup,2023-2024,19,Nordsjælland,,3. Conf Lg,6,4,366,4.1,0,2,2,0,0,0,2,0,0.5,0.5,0.8,1.3,16,20,27,0.00,0.49,0.49,0.00,0.49,0.12,0.20,0.32,0.12,0.32,Matches,,,
Andreas Schjelderup,2024-2025,20,Benfica,,1. Champions Lg,1,0,3,0.0,0,0,0,0,0,0,0,0,0.0,0.0,0.0,0.0,0,1,0,0.00,0.00,0.00,0.00,0.00,0.00,0.00,0.00,0.00,0.00,Matches,,,
Gil Bastiao Dias,2015-2016,18,Monaco,fr FRA,1. Ligue 1,0,0,,,,,,,,,,,,,,,,,,,,,,,,,,,,Matches,,,
Gil Bastiao Dias,2016-2017,19,Rio Ave,pt POR,1. Primeira Liga,34,30,2559,28.4,6,4,10,6,0,0,4,0,,,,,,,,0.21,0.14,0.35,0.21,0.35,,,,,,Matches,,,
Gil Bastiao Dias,2017-2018,20,Fiorentina,it ITA,Coppa Italia,1,0,18,0.2,0,0,0,0,0,0,0,0,,,,,,,,0.00,0.00,0.00,0.00,0.00,,,,,,Matches,,,
Gil Bastiao Dias,2018-2019,21,Nott'ham Forest,eng ENG,2. Championship,21,10,921,10.2,0,0,0,0,0,0,2,0,0.8,0.8,0.8,1.6,27,36,57,0.00,0.00,0.00,0.00,0.00,0.08,0.08,0.16,0.08,0.16,Matches,,,
Gil Bastiao Dias,2019-2020,22,Granada,es ESP,Copa del Rey,1,0,20,0.2,0,0,0,0,0,0,0,0,,,,,,,,0.00,0.00,0.00,0.00,0.00,,,,,,Matches,,,
Gil Bastiao Dias,2020-2021,23,Famalicão,pt POR,1. Primeira Liga,31,26,2360,26.2,0,3,3,0,0,0,5,0,1.6,1.6,3.1,4.7,103,76,162,0.00,0.11,0.11,0.00,0.11,0.06,0.12,0.18,0.06,0.18,Matches,,,
Gil Bastiao Dias,2021-2022,24,Benfica,,1. Champions Lg,1,0,1,0.0,0,0,0,0,0,0,0,0,0.0,0.0,0.0,0.0,0,0,0,0.00,0.00,0.00,0.00,0.00,0.00,0.00,0.00,0.00,0.00,Matches,,,
Gil Bastiao Dias,2022-2023,25,Stuttgart,de GER,1. Bundesliga,7,6,398,4.4,1,0,1,1,0,0,0,0,0.5,0.5,0.7,1.2,16,14,33,0.23,0.00,0.23,0.23,0.23,0.12,0.15,0.26,0.12,0.26,Matches,,,
Gil Bastiao Dias,2023-2024,26,Legia Warsaw,,3. Conf Lg,5,1,132,1.5,0,0,0,0,0,0,0,0,0.1,0.1,0.0,0.1,4,2,11,0.00,0.00,0.00,0.00,0.00,0.09,0.00,0.09,0.09,0.09,Matches,,,
Gil Bastiao Dias,2024-2025,27,Famalicão,pt POR,1. Primeira Liga,13,8,824,9.2,4,1,5,4,0,0,4,0,1.8,1.8,0.4,2.2,26,27,66,0.44,0.11,0.55,0.44,0.55,0.20,0.04,0.24,0.20,0.24,Matches,,,
Helton Leite,2018-2019,27,Boavista,pt POR,1. Primeira Liga,21,21,1890,21.0,0,0,0,0,0,0,4,0,0.0,0.0,0.0,0.0,0,1,0,0.00,0.00,0.00,0.00,0.00,0.00,0.00,0.00,0.00,0.00,Matches,,,
Helton Leite,2019-2020,28,Boavista,pt POR,1. Primeira Liga,21,21,1890,21.0,0,0,0,0,0,0,2,0,0.0,0.0,0.1,0.1,0,0,0,0.00,0.00,0.00,0.00,0.00,0.00,0.00,0.00,0.00,0.00,Matches,,,
Helton Leite,2020-2021,29,Benfica,,2. Europa Lg,4,4,360,4.0,0,0,0,0,0,0,0,0,0.0,0.0,0.0,0.0,0,0,0,0.00,0.00,0.00,0.00,0.00,0.00,0.00,0.00,0.00,0.00,Matches,,,
Helton Leite,2021-2022,30,Benfica,,1. Champions Lg,0,0,,,,,,,,,,,,,,,,,,,,,,,,,,,,Matches,,,
Helton Leite,2022-2023,31,Benfica,,1. Champions Lg,0,0,,,,,,,,,,,,,,,,,,,,,,,,,,,,Matches,,,
Helton Leite,2023-2024,32,Antalyaspor,tr TUR,1. Süper Lig,34,34,3060,34.0,0,0,0,0,0,0,1,0,,,,,,,,0.00,0.00,0.00,0.00,0.00,,,,,,Matches,,,
Helton Leite,2024-2025,33,La Coruña,es ESP,2. La Liga 2,18,18,1620,18.0,0,0,0,0,0,0,2,0,0.0,0.0,0.0,0.0,0,0,0,0.00,0.00,0.00,0.00,0.00,0.00,0.00,0.00,0.00,0.00,Matches,,,
Rafael Rodrigues,2022-2023,20,Benfica,pt POR,1. Primeira Liga,,0,,,,,,,,,,,,,,,,,,,,,,,,,,,,,1st,0,Matches
Rafael Rodrigues,2024-2025,22,AVS Futebol,pt POR,1. Primeira Liga,,1,192,2.1,0,0,0,0,0,0,0,0,0.0,0.0,0.2,0.2,2,4,10,0.00,0.00,0.00,0.00,0.00,0.00,0.11,0.11,0.00,0.11,,15th,7,Matches
Joao Victor,2022-2023,24,Benfica,,1. Champions Lg,0,0,,,,,,,,,,,,,,,,,,,,,,,,,,,,Matches,,,
Joao Victor,2023-2024,25,Benfica,,1. Champions Lg,0,0,,,,,,,,,,,,,,,,,,,,,,,,,,,,Matches,,,
Diogo Costa,2018-2019,18,Porto,pt POR,1. Primeira Liga,0,0,,,,,,,,,,,,,,,,,,,,,,,,,,,,Matches,,,
Diogo Costa,2019-2020,19,Porto,,2. Europa Lg,0,0,,,,,,,,,,,,,,,,,,,,,,,,,,,,Matches,,,
Diogo Costa,2020-2021,20,Porto,,1. Champions Lg,1,1,90.0,1.0,0.0,0.0,0.0,0.0,0.0,0.0,0.0,0.0,0.0,0.0,0.0,0.0,0.0,0.0,0.0,0.0,0.0,0.0,0.0,0.0,0.0,0.0,0.0,0.0,0.0,Matches,,,
Diogo Costa,2021-2022,21,Porto,,1. Champions Lg,6,6,540.0,6.0,0.0,0.0,0.0,0.0,0.0,0.0,0.0,0.0,0.0,0.0,0.0,0.0,0.0,0.0,0.0,0.0,0.0,0.0,0.0,0.0,0.0,0.0,0.0,0.0,0.0,Matches,,,
Diogo Costa,2022-2023,22,Porto,,1. Champions Lg,8,8,720.0,8.0,0.0,1.0,1.0,0.0,0.0,0.0,0.0,0.0,0.0,0.0,0.2,0.2,0.0,0.0,0.0,0.0,0.12,0.12,0.0,0.12,0.0,0.02,0.02,0.0,0.02,Matches,,,
Diogo Costa,2023-2024,23,Porto,,1. Champions Lg,8,8,750.0,8.3,0.0,0.0,0.0,0.0,0.0,0.0,0.0,0.0,0.0,0.0,0.0,0.0,0.0,0.0,0.0,0.0,0.0,0.0,0.0,0.0,0.0,0.0,0.0,0.0,0.0,Matches,,,
Diogo Costa,2024-2025,24,Porto,,2. Europa Lg,6,6,540.0,6.0,0.0,0.0,0.0,0.0,0.0,0.0,0.0,0.0,0.0,0.0,0.0,0.0,0.0,1.0,0.0,0.0,0.0,0.0,0.0,0.0,0.0,0.0,0.0,0.0,0.0,Matches,,,
Pepe,2021-2022,24,Porto,,1. Champions Lg,3,0,37,0.4,0,0,0,0,0,0,0,0,0.0,0.0,0.0,0.0,0,0,0,0.00,0.00,0.00,0.00,0.00,0.00,0.00,0.00,0.00,0.00,Matches,,,
Pepe,2022-2023,25,Porto,,1. Champions Lg,8,8,685,7.6,0,0,0,0,0,0,4,1,0.3,0.3,1.2,1.4,21,32,26,0.00,0.00,0.00,0.00,0.00,0.04,0.15,0.19,0.04,0.19,Matches,,,
Pepe,2023-2024,26,Porto,,1. Champions Lg,7,7,642,7.1,1,2,3,1,0,0,2,0,1.2,1.2,0.8,2.0,21,35,33,0.14,0.28,0.42,0.14,0.42,0.17,0.12,0.30,0.17,0.30,Matches,,,
Pepe,2024-2025,27,Porto,,2. Europa Lg,6,4,367,4.1,1,2,3,1,0,0,1,0,1.2,1.2,1.4,2.6,6,10,26,0.25,0.49,0.74,0.25,0.74,0.30,0.33,0.63,0.30,0.63,Matches,,,
Pepe,2010-2011,27,Real Madrid,,1. Champions Lg,8,8,681,7.6,0,0,0,0,0,0,3,1,,,,,,,,0.00,0.00,0.00,0.00,0.00,,,,,,Matches,,,
Pepe,2011-2012,28,Real Madrid,,1. Champions Lg,9,9,840,9.3,0,0,0,0,0,0,2,0,,,,,,,,0.00,0.00,0.00,0.00,0.00,,,,,,Matches,,,
Pepe,2012-2013,29,Real Madrid,,1. Champions Lg,11,7,727,8.1,1,0,1,1,0,0,1,0,,,,,,,,0.12,0.00,0.12,0.12,0.12,,,,,,Matches,,,
Pepe,2013-2014,30,Real Madrid,,1. Champions Lg,11,11,973,10.8,0,2,2,0,0,0,1,0,,,,,,,,0.00,0.18,0.18,0.00,0.18,,,,,,Matches,,,
Pepe,2014-2015,31,Real Madrid,,1. Champions Lg,6,6,540,6.0,0,1,1,0,0,0,2,0,,,,,,,,0.00,0.17,0.17,0.00,0.17,,,,,,Matches,,,
Pepe,2015-2016,32,Real Madrid,,1. Champions Lg,9,8,757,8.4,0,0,0,0,0,0,2,0,,,,,,,,0.00,0.00,0.00,0.00,0.00,,,,,,Matches,,,
Pepe,2016-2017,33,Real Madrid,,1. Champions Lg,3,2,199,2.2,0,0,0,0,0,0,0,0,,,,,,,,0.00,0.00,0.00,0.00,0.00,,,,,,Matches,,,
Pepe,2017-2018,34,Beşiktaş,,1. Champions Lg,6,6,540,6.0,0,0,0,0,0,0,2,0,0.1,0.1,0.0,0.1,0,12,0,0.00,0.00,0.00,0.00,0.00,0.02,0.00,0.02,0.02,0.02,Matches,,,
Pepe,2018-2019,35,Porto,,1. Champions Lg,3,3,300,3.3,0,0,0,0,0,0,2,0,0.1,0.1,0.1,0.2,1,11,1,0.00,0.00,0.00,0.00,0.00,0.03,0.02,0.05,0.03,0.05,Matches,,,
Pepe,2019-2020,36,Porto,,2. Europa Lg,7,6,543,6.0,0,0,0,0,0,0,2,0,0.7,0.7,0.3,1.0,0,26,3,0.00,0.00,0.00,0.00,0.00,0.11,0.05,0.16,0.11,0.16,Matches,,,
Pepe,2020-2021,37,Porto,,1. Champions Lg,6,6,570,6.3,0,0,0,0,0,0,2,0,0.6,0.6,0.2,0.8,0,14,0,0.00,0.00,0.00,0.00,0.00,0.11,0.03,0.14,0.11,0.14,Matches,,,
Evanilson,2020-2021,20,Porto,,1. Champions Lg,5,0,79,0.9,0,0,0,0,0,0,0,0,0.0,0.0,0.0,0.0,1,1,5,0.00,0.00,0.00,0.00,0.00,0.00,0.00,0.00,0.00,0.00,Matches,,,
Evanilson,2021-2022,21,Porto,,1. Champions Lg,4,4,310,3.4,0,0,0,0,0,0,0,0,0.7,0.7,0.1,0.8,5,2,18,0.00,0.00,0.00,0.00,0.00,0.20,0.02,0.23,0.20,0.23,Matches,,,
Evanilson,2022-2023,22,Porto,,1. Champions Lg,8,6,513,5.7,1,1,2,1,0,0,0,0,0.9,0.9,1.0,1.9,3,8,22,0.18,0.18,0.35,0.18,0.35,0.15,0.18,0.33,0.15,0.33,Matches,,,
Evanilson,2023-2024,23,Porto,,1. Champions Lg,7,5,488,5.4,4,1,5,3,1,1,0,0,1.7,1.0,1.2,2.2,10,10,28,0.74,0.18,0.92,0.55,0.74,0.32,0.23,0.55,0.18,0.40,Matches,,,
Evanilson,2024-2025,24,Bournemouth,eng ENG,EFL Cup,1,0,45,0.5,0,0,0,0,0,0,1,0,,,,,,,,0.00,0.00,0.00,0.00,0.00,,,,,,Matches,,,
Fabio Cardoso,2014-2015,20,Paços,pt POR,1. Primeira Liga,16,15,1325,14.7,0,0,0,0,0,0,3,0,,,,,,,,0.00,0.00,0.00,0.00,0.00,,,,,,Matches,,,
Fabio Cardoso,2015-2016,21,Paços,pt POR,1. Primeira Liga,22,21,1866,20.7,1,1,2,1,0,0,7,0,,,,,,,,0.05,0.05,0.10,0.05,0.10,,,,,,Matches,,,
Fabio Cardoso,2016-2017,22,Vitória Setúbal,pt POR,1. Primeira Liga,23,21,1985,22.1,0,1,1,0,0,0,3,0,,,,,,,,0.00,0.05,0.05,0.00,0.05,,,,,,Matches,,,
Fabio Cardoso,2017-2018,23,Rangers,sct SCO,1. Premiership,12,9,932,10.4,0,0,0,0,0,0,3,0,,,,,,,,0.00,0.00,0.00,0.00,0.00,,,,,,Matches,,,
Fabio Cardoso,2018-2019,24,Santa Clara,pt POR,1. Primeira Liga,30,30,2645,29.4,5,1,6,5,0,0,6,2,3.3,3.3,0.8,4.1,13,50,8,0.17,0.03,0.20,0.17,0.20,0.11,0.03,0.14,0.11,0.14,Matches,,,
Fabio Cardoso,2019-2020,25,Santa Clara,pt POR,1. Primeira Liga,30,30,2691,29.9,2,0,2,2,0,0,9,0,3.6,3.6,0.9,4.5,9,33,6,0.07,0.00,0.07,0.07,0.07,0.12,0.03,0.15,0.12,0.15,Matches,,,
Fabio Cardoso,2020-2021,26,Santa Clara,pt POR,1. Primeira Liga,28,28,2502,27.8,3,1,4,3,0,0,11,1,3.0,3.0,1.3,4.3,27,99,6,0.11,0.04,0.14,0.11,0.14,0.11,0.05,0.15,0.11,0.15,Matches,,,
Fabio Cardoso,2021-2022,27,Porto,,1. Champions Lg,2,1,156,1.7,0,0,0,0,0,0,0,0,0.1,0.1,0.1,0.2,0,2,0,0.00,0.00,0.00,0.00,0.00,0.06,0.07,0.13,0.06,0.13,Matches,,,
Fabio Cardoso,2022-2023,28,Porto,,1. Champions Lg,4,4,360,4.0,0,0,0,0,0,0,1,0,0.2,0.2,0.1,0.3,1,3,1,0.00,0.00,0.00,0.00,0.00,0.04,0.02,0.06,0.04,0.06,Matches,,,
Fabio Cardoso,2023-2024,29,Porto,,1. Champions Lg,3,3,269,3.0,0,0,0,0,0,0,2,0,0.0,0.0,0.0,0.0,0,9,0,0.00,0.00,0.00,0.00,0.00,0.00,0.00,0.00,0.00,0.00,Matches,,,
Marko Grujic,2012-2013,16,Red Star,rs SRB,1. SuperLiga,1,1,60,0.7,0,0,0,0,0,0,0,0,,,,,,,,0.00,0.00,0.00,0.00,0.00,,,,,,,,,
Marko Grujic,2014-2015,18,Red Star,rs SRB,1. SuperLiga,9,6,496,5.5,0,1,1,0,0,0,1,0,,,,,,,,0.00,0.18,0.18,0.00,0.18,,,,,,,,,
Marko Grujic,2015-2016,19,Red Star,rs SRB,1. SuperLiga,29,27,2369,26.3,6,7,13,6,0,0,4,0,,,,,,,,0.23,0.27,0.49,0.23,0.49,,,,,,Matches,,,
Marko Grujic,2016-2017,20,Liverpool,eng ENG,EFL Cup,3,2,179,2.0,0,0,0,0,0,0,2,0,,,,,,,,0.00,0.00,0.00,0.00,0.00,,,,,,Matches,,,
Marko Grujic,2017-2018,21,Liverpool,,1. Champions Lg,1,0,5,0.1,0,0,0,0,0,0,0,0,0.0,0.0,0.0,0.0,0,0,2,0.00,0.00,0.00,0.00,0.00,0.00,0.00,0.00,0.00,0.00,Matches,,,
Marko Grujic,2018-2019,22,Hertha BSC,de GER,1. Bundesliga,22,20,1780,19.8,5,1,6,5,0,0,5,0,4.4,4.4,1.7,6.1,45,112,43,0.25,0.05,0.30,0.25,0.30,0.22,0.09,0.31,0.22,0.31,Matches,,,
Marko Grujic,2019-2020,23,Hertha BSC,de GER,1. Bundesliga,29,29,2415,26.8,4,1,5,4,0,0,9,0,4.9,4.9,0.7,5.6,22,123,41,0.15,0.04,0.19,0.15,0.19,0.18,0.02,0.21,0.18,0.21,Matches,,,
Marko Grujic,2020-2021,24,Porto,,1. Champions Lg,8,4,387,4.3,0,0,0,0,0,0,3,1,0.3,0.3,0.1,0.4,3,20,4,0.00,0.00,0.00,0.00,0.00,0.09,0.02,0.11,0.09,0.11,Matches,,,
Marko Grujic,2021-2022,25,Porto,,1. Champions Lg,6,3,320,3.6,0,1,1,0,0,0,1,0,0.7,0.7,0.4,1.1,6,14,4,0.00,0.28,0.28,0.00,0.28,0.19,0.12,0.31,0.19,0.31,Matches,,,
Marko Grujic,2022-2023,26,Porto,,1. Champions Lg,4,3,278,3.1,0,0,0,0,0,0,1,0,0.5,0.5,0.2,0.7,2,19,3,0.00,0.00,0.00,0.00,0.00,0.16,0.06,0.23,0.16,0.23,Matches,,,
Marko Grujic,2023-2024,27,Porto,,1. Champions Lg,3,0,50,0.6,0,0,0,0,0,0,0,0,0.0,0.0,0.0,0.0,0,4,0,0.00,0.00,0.00,0.00,0.00,0.00,0.00,0.00,0.00,0.00,Matches,,,
Marko Grujic,2024-2025,28,Porto,,2. Europa Lg,2,1,81,0.9,0,0,0,0,0,0,0,0,0.0,0.0,0.0,0.0,0,6,0,0.00,0.00,0.00,0.00,0.00,0.00,0.02,0.02,0.00,0.02,Matches,,,
David Carmo,2018-2019,19,Braga,pt POR,1. Primeira Liga,0,0,,,,,,,,,,,,,,,,,,,,,,,,,,,,Matches,,,
David Carmo,2019-2020,20,Braga,,2. Europa Lg,1,1,63,0.7,0,0,0,0,0,0,1,0,0.0,0.0,0.0,0.0,0,4,0,0.00,0.00,0.00,0.00,0.00,0.00,0.00,0.00,0.00,0.00,Matches,,,
David Carmo,2020-2021,21,Braga,,2. Europa Lg,5,4,405,4.5,0,0,0,0,0,0,3,0,0.0,0.0,0.0,0.0,1,6,0,0.00,0.00,0.00,0.00,0.00,0.01,0.00,0.01,0.01,0.01,Matches,,,
David Carmo,2021-2022,22,Braga,,2. Europa Lg,5,5,507,5.6,1,0,1,1,0,0,2,0,0.7,0.7,0.2,0.9,1,12,0,0.18,0.00,0.18,0.18,0.18,0.13,0.04,0.17,0.13,0.17,Matches,,,
David Carmo,2022-2023,23,Porto,,1. Champions Lg,5,5,450,5.0,0,0,0,0,0,0,3,0,0.2,0.2,0.1,0.3,0,5,2,0.00,0.00,0.00,0.00,0.00,0.03,0.03,0.06,0.03,0.06,Matches,,,
David Carmo,2023-2024,24,Porto,,1. Champions Lg,4,4,360,4.0,0,0,0,0,0,0,3,0,0.0,0.0,0.0,0.0,0,19,0,0.00,0.00,0.00,0.00,0.00,0.00,0.00,0.00,0.00,0.00,Matches,,,
David Carmo,2024-2025,25,Olympiacos,,2. Europa Lg,5,4,382,4.2,0,0,0,0,0,0,2,0,0.1,0.1,0.0,0.1,1,24,0,0.00,0.00,0.00,0.00,0.00,0.02,0.00,0.02,0.02,0.02,Matches,,,
Bruno Xavier Almeida Costa,2018-2019,21,Porto,,1. Champions Lg,2,0,28,0.3,0,0,0,0,0,0,0,0,0.0,0.0,0.0,0.0,0,1,2,0.00,0.00,0.00,0.00,0.00,0.00,0.00,0.00,0.00,0.00,Matches,,,
Bruno Xavier Almeida Costa,2019-2020,22,Porto,,2. Europa Lg,1,0,31,0.3,0,0,0,0,0,0,1,0,0.0,0.0,0.0,0.0,1,3,0,0.00,0.00,0.00,0.00,0.00,0.00,0.00,0.00,0.00,0.00,Matches,,,
Bruno Xavier Almeida Costa,2020-2021,23,Paços,pt POR,1. Primeira Liga,31,30,2454,27.3,4,3,7,2,2,2,8,0,3.5,1.9,4.9,6.8,36,130,45,0.15,0.11,0.26,0.07,0.18,0.13,0.18,0.31,0.07,0.25,Matches,,,
Bruno Xavier Almeida Costa,2021-2022,24,Porto,,1. Champions Lg,1,0,12,0.1,0,0,0,0,0,0,0,0,0.0,0.0,0.0,0.0,0,0,0,0.00,0.00,0.00,0.00,0.00,0.00,0.00,0.00,0.00,0.00,Matches,,,
Bruno Xavier Almeida Costa,2022-2023,25,Porto,,1. Champions Lg,3,1,73,0.8,0,0,0,0,0,0,0,0,0.0,0.0,0.1,0.2,0,3,0,0.00,0.00,0.00,0.00,0.00,0.03,0.16,0.19,0.03,0.19,Matches,,,
Bruno Xavier Almeida Costa,2023-2024,26,Valenciennes,fr FRA,Coupe de France,1,1,90,1.0,0,1,1,0,0,0,1,0,,,,,,,,0.00,1.00,1.00,0.00,1.00,,,,,,Matches,,,
Bruno Xavier Almeida Costa,2024-2025,27,Nacional,pt POR,1. Primeira Liga,10,4,375,4.2,0,0,0,0,0,0,0,0,0.1,0.1,0.9,1.0,5,11,19,0.00,0.00,0.00,0.00,0.00,0.04,0.21,0.24,0.04,0.24,Matches,,,
Gabriel Veron,2022-2023,19,Porto,,1. Champions Lg,3,0,47,0.5,0,0,0,0,0,0,0,0,0.0,0.0,0.0,0.0,3,1,6,0.00,0.00,0.00,0.00,0.00,0.00,0.00,0.00,0.00,0.00,Matches,,,
Vasco Sousa,2022-2023,19,Porto,,1. Champions Lg,0,0,,,,,,,,,,,,,,,,,,,,,,,,,,,,Matches,,,
Vasco Sousa,2024-2025,21,Porto,,2. Europa Lg,1,0,8.0,0.1,0.0,0.0,0.0,0.0,0.0,0.0,0.0,0.0,0.0,0.0,0.0,0.0,0.0,0.0,0.0,0.0,0.0,0.0,0.0,0.0,0.0,0.0,0.0,0.0,0.0,Matches,,,
Ricardo Horta,2012-2013,17,Vitória Setúbal,pt POR,1. Primeira Liga,6,0,166,1.8,0,0,0,0,0,0,2,0,,,,,,,,0.00,0.00,0.00,0.00,0.00,,,,,,Matches,,,
Ricardo Horta,2013-2014,18,Vitória Setúbal,pt POR,1. Primeira Liga,28,25,2039,22.7,7,2,9,5,2,4,5,0,,,,,,,,0.31,0.09,0.40,0.22,0.31,,,,,,Matches,,,
Ricardo Horta,2014-2015,19,Málaga,es ESP,Copa del Rey,6,6,488,5.4,2,0,2,2,0,0,1,0,,,,,,,,0.37,0.00,0.37,0.37,0.37,,,,,,Matches,,,
Ricardo Horta,2015-2016,20,Málaga,es ESP,Copa del Rey,2,2,172,1.9,0,0,0,0,0,0,0,0,,,,,,,,0.00,0.00,0.00,0.00,0.00,,,,,,Matches,,,
Ricardo Horta,2016-2017,21,Braga,,2. Europa Lg,5,4,350,3.9,1,2,3,1,0,0,0,0,,,,,,,,0.26,0.51,0.77,0.26,0.77,,,,,,Matches,,,
Ricardo Horta,2017-2018,22,Braga,,2. Europa Lg,4,1,134,1.5,1,0,1,1,0,0,0,0,0.7,0.7,0.1,0.8,1,12,10,0.67,0.00,0.67,0.67,0.67,0.45,0.06,0.51,0.45,0.51,Matches,,,
Ricardo Horta,2018-2019,23,Braga,pt POR,1. Primeira Liga,34,27,2170,24.1,8,4,12,8,0,0,1,0,6.4,6.4,4.9,11.3,38,107,158,0.33,0.17,0.50,0.33,0.50,0.27,0.20,0.47,0.27,0.47,Matches,,,
Ricardo Horta,2019-2020,24,Braga,,2. Europa Lg,8,7,579,6.4,2,0,2,2,0,0,0,0,2.7,2.7,0.7,3.4,8,27,61,0.31,0.00,0.31,0.31,0.31,0.42,0.11,0.53,0.42,0.53,Matches,,,
Ricardo Horta,2020-2021,25,Braga,,2. Europa Lg,7,5,426,4.7,3,1,4,3,0,0,0,0,2.8,2.8,1.0,3.8,8,18,28,0.63,0.21,0.85,0.63,0.85,0.58,0.21,0.79,0.58,0.79,Matches,,,
Ricardo Horta,2021-2022,26,Braga,,2. Europa Lg,12,12,1117,12.4,4,4,8,4,0,1,0,0,3.9,3.1,3.1,6.2,22,60,65,0.32,0.32,0.64,0.32,0.64,0.33,0.26,0.60,0.27,0.53,Matches,,,
Ricardo Horta,2022-2023,27,Braga,,3. Conf Lg,2,1,96,1.1,0,0,0,0,0,0,0,0,0.0,0.0,0.2,0.2,0,2,8,0.00,0.00,0.00,0.00,0.00,0.04,0.17,0.21,0.04,0.21,Matches,,,
Ricardo Horta,2023-2024,28,Braga,,1. Champions Lg,6,6,500,5.6,0,3,3,0,0,0,1,0,1.2,1.2,1.2,2.4,6,28,33,0.00,0.54,0.54,0.00,0.54,0.21,0.22,0.43,0.21,0.43,Matches,,,
Ricardo Horta,2024-2025,29,Braga,,2. Europa Lg,6,6,501,5.6,0,1,1,0,0,0,1,0,1.7,1.7,0.6,2.2,7,29,32,0.00,0.18,0.18,0.00,0.18,0.30,0.10,0.40,0.30,0.40,Matches,,,
Iuri Medeiros,2014-2015,20,Arouca,pt POR,1. Primeira Liga,17,12,1161,12.9,3,4,7,3,0,0,3,0,,,,,,,,0.23,0.31,0.54,0.23,0.54,,,,,,Matches,,,
Iuri Medeiros,2015-2016,21,Moreirense,pt POR,1. Primeira Liga,29,29,2296,25.5,8,3,11,8,0,0,2,0,,,,,,,,0.31,0.12,0.43,0.31,0.43,,,,,,Matches,,,
Iuri Medeiros,2016-2017,22,Boavista,pt POR,1. Primeira Liga,27,26,2282,25.4,7,7,14,7,0,0,7,0,,,,,,,,0.28,0.28,0.55,0.28,0.55,,,,,,Matches,,,
Iuri Medeiros,2017-2018,23,Sporting CP,pt POR,1. Primeira Liga,6,1,131,1.5,0,0,0,0,0,0,1,0,,,,,,,,0.00,0.00,0.00,0.00,0.00,,,,,,Matches,,,
Iuri Medeiros,2018-2019,24,Genoa,it ITA,Coppa Italia,1,1,58,0.6,0,0,0,0,0,0,0,0,,,,,,,,0.00,0.00,0.00,0.00,0.00,,,,,,Matches,,,
Iuri Medeiros,2019-2020,25,Nürnberg,de GER,2. 2. Bundesliga,9,3,370,4.1,0,0,0,0,0,0,0,0,0.7,0.7,0.4,1.1,9,21,20,0.00,0.00,0.00,0.00,0.00,0.18,0.09,0.27,0.18,0.27,Matches,,,
Iuri Medeiros,2020-2021,26,Braga,,2. Europa Lg,6,3,265,2.9,0,2,2,0,0,0,0,0,0.2,0.2,1.7,1.9,4,9,22,0.00,0.68,0.68,0.00,0.68,0.07,0.56,0.63,0.07,0.63,Matches,,,
Iuri Medeiros,2021-2022,27,Braga,,2. Europa Lg,11,8,669,7.4,2,4,6,2,0,0,2,1,2.1,2.1,2.7,4.8,10,23,54,0.27,0.54,0.81,0.27,0.81,0.28,0.36,0.65,0.28,0.65,Matches,,,
Iuri Medeiros,2022-2023,28,Braga,,3. Conf Lg,1,1,45,0.5,0,0,0,0,0,0,0,0,0.0,0.0,0.1,0.1,0,2,1,0.00,0.00,0.00,0.00,0.00,0.00,0.29,0.29,0.00,0.29,Matches,,,
Vitor Tormena,2018-2019,22,Portimonense,pt POR,1. Primeira Liga,26,25,2181,24.2,1,2,3,1,0,0,4,0,0.7,0.7,0.6,1.4,24,80,43,0.04,0.08,0.12,0.04,0.12,0.03,0.03,0.06,0.03,0.06,Matches,,,
Vitor Tormena,2019-2020,23,Braga,,2. Europa Lg,0,0,,,,,,,,,,,,,,,,,,,,,,,,,,,,Matches,,,
Vitor Tormena,2020-2021,24,Braga,,2. Europa Lg,6,5,451,5.0,1,0,1,1,0,0,0,0,0.6,0.6,0.0,0.6,2,13,3,0.20,0.00,0.20,0.20,0.20,0.11,0.01,0.12,0.11,0.12,Matches,,,
Vitor Tormena,2021-2022,25,Braga,,2. Europa Lg,7,7,611,6.8,0,0,0,0,0,0,0,1,0.3,0.3,0.1,0.4,7,23,0,0.00,0.00,0.00,0.00,0.00,0.05,0.01,0.06,0.05,0.06,Matches,,,
Vitor Tormena,2022-2023,26,Braga,,3. Conf Lg,1,1,54,0.6,0,0,0,0,0,0,0,1,0.0,0.0,0.0,0.0,0,1,0,0.00,0.00,0.00,0.00,0.00,0.00,0.00,0.00,0.00,0.00,Matches,,,
Vitor Tormena,2023-2024,27,Krasnodar,ru RUS,1. Premier League,23,22,1962,21.8,0,0,0,0,0,0,3,1,,,,,,,,0.00,0.00,0.00,0.00,0.00,,,,,,Matches,,,
Vitor Tormena,2024-2025,28,Krasnodar,ru RUS,1. Russian Premier League,18,17,1602,17.8,1,1,2,1,0,0,3,0,,,,,,,,0.06,0.06,0.11,0.06,0.11,,,,,,Matches,,,
Sikou Niakate,2016-2017,17,Valenciennes,fr FRA,2. Ligue 2,5,0,73,0.8,0,0,0,0,0,0,0,0,,,,,,,,0.00,0.00,0.00,0.00,0.00,,,,,,Matches,,,
Sikou Niakate,2017-2018,18,Valenciennes,fr FRA,Coupe de France,1,1,77,0.9,0,0,0,0,0,0,0,0,,,,,,,,0.00,0.00,0.00,0.00,0.00,,,,,,Matches,,,
Sikou Niakate,2018-2019,19,Valenciennes,fr FRA,Coupe de France,2,2,210,2.3,0,0,0,0,0,0,0,0,,,,,,,,0.00,0.00,0.00,0.00,0.00,,,,,,Matches,,,
Sikou Niakate,2019-2020,20,Guingamp,fr FRA,Coupe de France,1,1,90,1.0,0,0,0,0,0,0,0,0,,,,,,,,0.00,0.00,0.00,0.00,0.00,,,,,,Matches,,,
Sikou Niakate,2020-2021,21,Guingamp,fr FRA,Coupe de France,0,0,,,,,,,,,,,,,,,,,,,,,,,,,,,,Matches,,,
Sikou Niakate,2021-2022,22,Metz,fr FRA,Coupe de France,0,0,,,,,,,,,,,,,,,,,,,,,,,,,,,,Matches,,,
Sikou Niakate,2022-2023,23,Braga,,3. Conf Lg,2,2,170,1.9,0,0,0,0,0,0,0,0,0.2,0.2,0.0,0.2,0,2,0,0.00,0.00,0.00,0.00,0.00,0.11,0.00,0.11,0.11,0.11,Matches,,,
Sikou Niakate,2023-2024,24,Braga,,1. Champions Lg,5,5,390,4.3,1,0,1,1,0,0,0,1,0.9,0.9,0.0,0.9,0,17,0,0.23,0.00,0.23,0.23,0.23,0.20,0.00,0.20,0.20,0.20,Matches,,,
Sikou Niakate,2024-2025,25,Braga,,2. Europa Lg,4,4,320,3.6,1,0,1,1,0,0,2,1,0.5,0.5,0.2,0.7,2,7,1,0.28,0.00,0.28,0.28,0.28,0.15,0.05,0.20,0.15,0.20,Matches,,,
Victor Gomez,2019-2020,19,Espanyol,es ESP,Copa del Rey,1,0,19,0.2,0,0,0,0,0,0,0,0,,,,,,,,0.00,0.00,0.00,0.00,0.00,,,,,,Matches,,,
Victor Gomez,2020-2021,20,CD Mirandés,es ESP,2. La Liga 2,38,36,3260,36.2,1,4,5,1,0,0,8,0,1.0,1.0,5.2,6.2,83,132,190,0.03,0.11,0.14,0.03,0.14,0.03,0.14,0.17,0.03,0.17,Matches,,,
Victor Gomez,2021-2022,21,Málaga,es ESP,Copa del Rey,1,0,16,0.2,0,0,0,0,0,0,0,0,,,,,,,,0.00,0.00,0.00,0.00,0.00,,,,,,Matches,,,
Victor Gomez,2022-2023,22,Braga,,3. Conf Lg,1,1,90,1.0,0,0,0,0,0,0,0,0,0.0,0.0,0.0,0.0,1,2,4,0.00,0.00,0.00,0.00,0.00,0.00,0.02,0.02,0.00,0.02,Matches,,,
Victor Gomez,2023-2024,23,Braga,,1. Champions Lg,4,4,312,3.5,0,0,0,0,0,0,1,0,0.0,0.0,0.5,0.5,8,17,33,0.00,0.00,0.00,0.00,0.00,0.00,0.14,0.14,0.00,0.14,Matches,,,
Victor Gomez,2024-2025,24,Braga,,2. Europa Lg,4,2,218,2.4,0,0,0,0,0,0,0,0,0.2,0.2,0.2,0.4,7,19,25,0.00,0.00,0.00,0.00,0.00,0.09,0.07,0.15,0.09,0.15,Matches,,,
Bruma,2012-2013,17,Sporting CP,pt POR,1. Primeira Liga,13,11,926,10.3,1,3,4,1,0,0,1,0,,,,,,,,0.10,0.29,0.39,0.10,0.39,,,,,,Matches,,,
Bruma,2013-2014,18,Galatasaray,,1. Champions Lg,5,4,361,4.0,0,0,0,0,0,0,0,0,,,,,,,,0.00,0.00,0.00,0.00,0.00,,,,,,Matches,,,
Bruma,2014-2015,19,Galatasaray,,1. Champions Lg,4,2,206,2.3,0,0,0,0,0,0,1,0,,,,,,,,0.00,0.00,0.00,0.00,0.00,,,,,,Matches,,,
Bruma,2015-2016,20,Real Sociedad,es ESP,Copa del Rey,1,1,90,1.0,1,0,1,1,0,0,0,0,,,,,,,,1.00,0.00,1.00,1.00,1.00,,,,,,Matches,,,
Bruma,2016-2017,21,Galatasaray,tr TUR,1. Süper Lig,29,29,2463,27.4,11,7,18,11,0,0,6,2,,,,,,,,0.40,0.26,0.66,0.40,0.66,,,,,,Matches,,,
Bruma,2017-2018,22,RB Leipzig,de GER,1. Bundesliga,28,16,1611,17.9,4,2,6,4,0,0,0,0,2.2,2.2,3.1,5.4,120,90,145,0.22,0.11,0.34,0.22,0.34,0.13,0.18,0.30,0.13,0.30,Matches,,,
Bruma,2018-2019,23,RB Leipzig,de GER,1. Bundesliga,14,6,553,6.1,1,1,2,1,0,1,1,0,1.5,0.7,1.3,2.0,26,35,43,0.16,0.16,0.33,0.16,0.33,0.24,0.22,0.46,0.11,0.33,Matches,,,
Bruma,2019-2020,24,PSV Eindhoven,nl NED,1. Eredivisie,18,12,970,10.8,3,3,6,3,0,0,0,0,3.5,3.5,4.2,7.7,67,49,123,0.28,0.28,0.56,0.28,0.56,0.32,0.39,0.72,0.32,0.72,Matches,,,
Bruma,2020-2021,25,Olympiacos,,1. Champions Lg,2,0,66,0.7,0,0,0,0,0,0,0,0,0.1,0.1,0.0,0.1,5,1,9,0.00,0.00,0.00,0.00,0.00,0.08,0.00,0.08,0.08,0.08,Matches,,,
Bruma,2021-2022,26,PSV Eindhoven,,3. Conf Lg,5,0,42,0.5,0,1,1,0,0,0,0,0,0.0,0.0,0.1,0.1,5,5,6,0.00,2.14,2.14,0.00,2.14,0.00,0.12,0.12,0.00,0.12,Matches,,,
Bruma,2022-2023,27,Braga,,3. Conf Lg,2,0,64,0.7,0,0,0,0,0,0,0,0,0.0,0.0,0.0,0.0,0,4,1,0.00,0.00,0.00,0.00,0.00,0.00,0.03,0.03,0.00,0.03,Matches,,,
Bruma,2023-2024,28,Braga,,1. Champions Lg,5,4,371,4.1,2,1,3,2,0,0,0,0,0.7,0.7,0.4,1.1,22,26,47,0.49,0.24,0.73,0.49,0.73,0.17,0.09,0.27,0.17,0.27,Matches,,,
Bruma,2024-2025,29,Braga,,2. Europa Lg,5,4,390,4.3,3,0,3,2,1,1,0,0,3.0,2.2,1.8,4.0,19,25,47,0.69,0.00,0.69,0.46,0.46,0.69,0.41,1.09,0.50,0.91,Matches,,,
Uros Racic,2015-2016,17,Red Star,rs SRB,1. SuperLiga,1,0,12,0.1,0,0,0,0,0,0,0,0,,,,,,,,0.00,0.00,0.00,0.00,0.00,,,,,,Matches,,,
Uros Racic,2016-2017,18,Red Star,rs SRB,1. SuperLiga,8,2,298,3.3,0,1,1,0,0,0,0,0,,,,,,,,0.00,0.30,0.30,0.00,0.30,,,,,,Matches,,,
Uros Racic,2017-2018,19,Red Star,,2. Europa Lg,6,0,24,0.3,0,0,0,0,0,0,0,0,0.0,0.0,0.0,0.0,0,3,0,0.00,0.00,0.00,0.00,0.00,0.00,0.00,0.00,0.00,0.00,Matches,,,
Uros Racic,2018-2019,20,Valencia,es ESP,Copa del Rey,1,1,68,0.8,0,0,0,0,0,0,0,0,,,,,,,,0.00,0.00,0.00,0.00,0.00,,,,,,Matches,,,
Uros Racic,2019-2020,21,Famalicão,pt POR,1. Primeira Liga,33,26,2422,26.9,3,1,4,3,0,0,4,0,1.4,1.4,1.6,3.0,29,134,103,0.11,0.04,0.15,0.11,0.15,0.05,0.06,0.11,0.05,0.11,Matches,,,
Uros Racic,2020-2021,22,Valencia,es ESP,Copa del Rey,4,3,268,3.0,1,0,1,1,0,0,0,0,,,,,,,,0.34,0.00,0.34,0.34,0.34,,,,,,Matches,,,
Uros Racic,2021-2022,23,Valencia,es ESP,Copa del Rey,6,4,306,3.4,0,0,0,0,0,0,2,0,,,,,,,,0.00,0.00,0.00,0.00,0.00,,,,,,Matches,,,
Uros Racic,2022-2023,24,Braga,,3. Conf Lg,2,1,86,1.0,0,0,0,0,0,0,0,0,0.1,0.1,0.0,0.1,1,5,2,0.00,0.00,0.00,0.00,0.00,0.06,0.00,0.06,0.06,0.06,Matches,,,
Uros Racic,2023-2024,25,Sassuolo,it ITA,Coppa Italia,1,1,90,1.0,0,0,0,0,0,0,1,0,,,,,,,,0.00,0.00,0.00,0.00,0.00,,,,,,Matches,,,
Uros Racic,2024-2025,26,West Brom,eng ENG,2. Championship,18,8,829,9.2,0,2,2,0,0,0,2,0,1.4,1.4,0.9,2.4,7,33,25,0.00,0.22,0.22,0.00,0.22,0.16,0.10,0.26,0.16,0.26,Matches,,,
Cristian Borja,2017-2018,24,Toluca,mx MEX,1. Liga MX,13,13,1170,13.0,0,2,2,0,0,0,2,0,,,,,,,,0.00,0.15,0.15,0.00,0.15,,,,,,Matches,,,
Cristian Borja,2018-2019,25,Sporting CP,,2. Europa Lg,1,1,90,1.0,0,0,0,0,0,0,0,0,0.0,0.0,0.0,0.0,2,2,2,0.00,0.00,0.00,0.00,0.00,0.00,0.00,0.00,0.00,0.00,Matches,,,
Cristian Borja,2019-2020,26,Sporting CP,,2. Europa Lg,4,2,204,2.3,0,0,0,0,0,0,0,0,0.0,0.0,0.0,0.0,2,3,7,0.00,0.00,0.00,0.00,0.00,0.00,0.02,0.02,0.00,0.02,Matches,,,
Cristian Borja,2020-2021,27,Braga,,2. Europa Lg,2,0,43,0.5,0,0,0,0,0,0,0,0,0.0,0.0,0.0,0.0,0,1,2,0.00,0.00,0.00,0.00,0.00,0.00,0.05,0.05,0.00,0.05,Matches,,,
Cristian Borja,2021-2022,28,Alanyaspor,tr TUR,1. Süper Lig,28,24,2160,24.0,1,0,1,1,0,0,1,0,,,,,,,,0.04,0.00,0.04,0.04,0.04,,,,,,Matches,,,
Cristian Borja,2022-2023,29,Braga,,3. Conf Lg,1,1,90,1.0,0,0,0,0,0,0,0,0,0.0,0.0,0.0,0.0,0,2,3,0.00,0.00,0.00,0.00,0.00,0.00,0.00,0.00,0.00,0.00,Matches,,,
Cristian Borja,2023-2024,30,Braga,,1. Champions Lg,6,6,517,5.7,0,0,0,0,0,0,1,0,0.0,0.0,0.6,0.6,18,26,34,0.00,0.00,0.00,0.00,0.00,0.00,0.10,0.10,0.00,0.10,Matches,,,
Cristian Borja,2024-2025,31,América,mx MEX,1. Liga MX,12,8,721,8.0,0,1,1,0,0,0,0,0,0.0,0.0,1.2,1.2,22,28,40,0.00,0.12,0.12,0.00,0.12,0.01,0.15,0.15,0.01,0.15,Matches,,,
Andre Castro,2010-2011,22,Porto,,2. Europa Lg,1,0,6,0.1,0,0,0,0,0,0,0,0,,,,,,,,0.00,0.00,0.00,0.00,0.00,,,,,,Matches,,,
Andre Castro,2011-2012,23,Sporting Gijón,es ESP,1. La Liga,29,26,2129,23.7,2,2,4,2,0,0,7,0,,,,,,,,0.08,0.08,0.17,0.08,0.17,,,,,,Matches,,,
Andre Castro,2012-2013,24,Porto,,1. Champions Lg,2,0,11,0.1,0,0,0,0,0,0,0,0,,,,,,,,0.00,0.00,0.00,0.00,0.00,,,,,,Matches,,,
Andre Castro,2013-2014,25,Kasımpaşa,tr TUR,1. Süper Lig,33,32,2856,31.7,3,2,5,3,0,0,4,0,,,,,,,,0.09,0.06,0.16,0.09,0.16,,,,,,,,,
Andre Castro,2014-2015,26,Kasımpaşa,tr TUR,1. Süper Lig,32,32,2724,30.3,5,2,7,5,0,0,8,0,,,,,,,,0.17,0.07,0.23,0.17,0.23,,,,,,Matches,,,
Andre Castro,2015-2016,27,Kasımpaşa,tr TUR,1. Süper Lig,33,32,2796,31.1,4,3,7,4,0,0,5,0,,,,,,,,0.13,0.10,0.23,0.13,0.23,,,,,,Matches,,,
Andre Castro,2016-2017,28,Kasımpaşa,tr TUR,1. Süper Lig,33,32,2869,31.9,6,3,9,6,0,0,5,0,,,,,,,,0.19,0.09,0.28,0.19,0.28,,,,,,Matches,,,
Andre Castro,2017-2018,29,Göztepe,tr TUR,1. Süper Lig,33,33,2947,32.7,4,6,10,4,0,0,7,0,,,,,,,,0.12,0.18,0.31,0.12,0.31,,,,,,Matches,,,
Andre Castro,2018-2019,30,Göztepe,tr TUR,1. Süper Lig,31,30,2634,29.3,1,8,9,1,0,0,3,1,,,,,,,,0.03,0.27,0.31,0.03,0.31,,,,,,Matches,,,
Andre Castro,2019-2020,31,Göztepe,tr TUR,1. Süper Lig,32,22,2119,23.5,3,2,5,3,0,0,2,0,,,,,,,,0.13,0.08,0.21,0.13,0.21,,,,,,Matches,,,
Andre Castro,2020-2021,32,Braga,,2. Europa Lg,5,4,350,3.9,0,0,0,0,0,0,1,0,0.1,0.1,0.0,0.1,2,15,4,0.00,0.00,0.00,0.00,0.00,0.03,0.00,0.03,0.03,0.03,Matches,,,
Andre Castro,2021-2022,33,Braga,,2. Europa Lg,10,7,546,6.1,0,0,0,0,0,0,2,0,0.6,0.6,0.6,1.3,10,22,13,0.00,0.00,0.00,0.00,0.00,0.11,0.11,0.22,0.11,0.22,Matches,,,
Andre Castro,2022-2023,34,Braga,,3. Conf Lg,2,1,109,1.2,1,0,1,1,0,0,0,0,0.1,0.1,0.0,0.1,0,3,0,0.83,0.00,0.83,0.83,0.83,0.05,0.04,0.09,0.05,0.09,Matches,,,
Andre Castro,2023-2024,35,Braga,,1. Champions Lg,1,0,5,0.1,1,0,1,1,0,0,0,0,0.0,0.0,0.0,0.0,0,0,0,18.00,0.00,18.00,18.00,18.00,0.48,0.00,0.48,0.48,0.48,Matches,,,
Andre Castro,2024-2025,36,Moreirense,pt POR,1. Primeira Liga,1,0,17,0.2,0,0,0,0,0,0,0,0,0.0,0.0,0.0,0.0,0,0,0,0.00,0.00,0.00,0.00,0.00,0.00,0.00,0.00,0.00,0.00,Matches,,,
Alvaro djalo,2022-2023,22,Braga,,3. Conf Lg,2,1,94,1.0,1,0,1,1,0,0,0,0,0.1,0.1,0.1,0.2,1,3,4,0.96,0.00,0.96,0.96,0.96,0.10,0.05,0.15,0.10,0.15,Matches,,,
Alvaro djalo,2023-2024,23,Braga,,1. Champions Lg,5,5,405,4.5,2,0,2,2,0,1,1,0,1.8,1.1,0.7,1.7,14,15,36,0.44,0.00,0.44,0.44,0.44,0.41,0.15,0.56,0.23,0.38,Matches,,,
Alvaro djalo,2024-2025,24,Athletic Club,,2. Europa Lg,3,2,142,1.6,0,0,0,0,0,0,0,0,0.1,0.1,0.0,0.1,2,0,14,0.00,0.00,0.00,0.00,0.00,0.03,0.01,0.04,0.03,0.04,Matches,,,
Serdar Saatci,2020-2021,17,Beşiktaş,tr TUR,1. Süper Lig,0,0,,,,,,,,,,,,,,,,,,,,,,,,,,,,Matches,,,
Serdar Saatci,2021-2022,18,Beşiktaş,,1. Champions Lg,1,1,90,1.0,0,0,0,0,0,0,0,0,0.1,0.1,0.0,0.1,0,1,0,0.00,0.00,0.00,0.00,0.00,0.11,0.00,0.11,0.11,0.11,Matches,,,
Serdar Saatci,2022-2023,19,Braga,,3. Conf Lg,1,0,10,0.1,0,0,0,0,0,0,0,0,0.0,0.0,0.0,0.0,0,0,0,0.00,0.00,0.00,0.00,0.00,0.00,0.00,0.00,0.00,0.00,Matches,,,
Serdar Saatci,2023-2024,20,Braga,,1. Champions Lg,4,3,325,3.6,0,0,0,0,0,0,0,0,0.3,0.3,0.0,0.3,0,2,0,0.00,0.00,0.00,0.00,0.00,0.08,0.00,0.08,0.08,0.08,Matches,,,
Serdar Saatci,2024-2025,21,Braga,pt POR,1. Primeira Liga,0,0,,,,,,,,,,,,,,,,,,,,,,,,,,,,Matches,,,
Joe Mendes,2022-2023,19,Braga,,3. Conf Lg,1,1,90,1.0,0,0,0,0,0,0,0,0,0.0,0.0,0.0,0.0,2,1,1,0.00,0.00,0.00,0.00,0.00,0.00,0.04,0.04,0.00,0.04,Matches,,,
Joe Mendes,2023-2024,20,Braga,,1. Champions Lg,5,2,205,2.3,0,0,0,0,0,0,1,0,0.0,0.0,0.2,0.2,19,7,12,0.00,0.00,0.00,0.00,0.00,0.00,0.09,0.09,0.00,0.09,Matches,,,
Joe Mendes,2024-2025,21,Braga,pt POR,1. Primeira Liga,4,2,184,2.0,0,0,0,0,0,0,0,0,0.0,0.0,0.0,0.1,11,10,19,0.00,0.00,0.00,0.00,0.00,0.02,0.02,0.03,0.02,0.03,Matches,,,
Rodrigo Gomes,2020-2021,17,Braga,pt POR,1. Primeira Liga,4,0,11,0.1,0,0,0,0,0,0,0,0,0.0,0.0,0.0,0.0,2,1,1,0.00,0.00,0.00,0.00,0.00,0.33,0.00,0.33,0.33,0.33,Matches,,,
Rodrigo Gomes,2021-2022,18,Braga,,2. Europa Lg,6,6,416,4.6,0,0,0,0,0,0,0,0,0.4,0.4,0.4,0.8,17,6,31,0.00,0.00,0.00,0.00,0.00,0.10,0.08,0.18,0.10,0.18,Matches,,,
Rodrigo Gomes,2022-2023,19,Braga,,3. Conf Lg,1,1,90,1.0,0,0,0,0,0,0,0,0,0.3,0.3,0.0,0.3,3,0,7,0.00,0.00,0.00,0.00,0.00,0.30,0.00,0.30,0.30,0.30,Matches,,,
Rodrigo Gomes,2023-2024,20,Estoril,pt POR,1. Primeira Liga,30,26,2445,27.2,7,7,14,7,0,0,5,1,6.4,6.4,3.1,9.4,93,67,174,0.26,0.26,0.52,0.26,0.52,0.23,0.11,0.35,0.23,0.35,Matches,,,
Rodrigo Gomes,2024-2025,21,Wolves,eng ENG,EFL Cup,1,1,90,1.0,0,0,0,0,0,0,0,0,,,,,,,,0.00,0.00,0.00,0.00,0.00,,,,,,Matches,,,
Diego Lainez,2016-2017,16,América,mx MEX,1. Liga MX,9,7,552,6.1,0,1,1,0,0,0,3,0,,,,,,,,0.00,0.16,0.16,0.00,0.16,,,,,,Matches,,,
Diego Lainez,2017-2018,17,América,mx MEX,1. Liga MX,10,5,492,5.5,0,0,0,0,0,0,1,0,,,,,,,,0.00,0.00,0.00,0.00,0.00,,,,,,Matches,,,
Diego Lainez,2018-2019,18,Betis,es ESP,Copa del Rey,2,1,71,0.8,0,0,0,0,0,0,1,0,,,,,,,,0.00,0.00,0.00,0.00,0.00,,,,,,Matches,,,
Diego Lainez,2019-2020,19,Betis,es ESP,Copa del Rey,1,1,68,0.8,0,0,0,0,0,0,0,0,,,,,,,,0.00,0.00,0.00,0.00,0.00,,,,,,Matches,,,
Diego Lainez,2020-2021,20,Betis,es ESP,Copa del Rey,4,4,284,3.2,0,1,1,0,0,0,1,0,,,,,,,,0.00,0.32,0.32,0.00,0.32,,,,,,Matches,,,
Diego Lainez,2021-2022,21,Betis,es ESP,Copa del Rey,2,1,127,1.4,2,0,2,2,0,0,0,0,,,,,,,,1.42,0.00,1.42,1.42,1.42,,,,,,Matches,,,
Diego Lainez,2022-2023,22,Braga,,2. Europa Lg,3,1,103,1.1,0,0,0,0,0,0,0,0,0.2,0.2,0.2,0.4,4,4,6,0.00,0.00,0.00,0.00,0.00,0.21,0.16,0.37,0.21,0.37,Matches,,,
Diego Lainez,2023-2024,23,UANL,mx MEX,1. Liga MX,23,22,1651,18.3,3,4,7,3,0,0,10,0,1.2,1.2,3.3,4.5,85,63,152,0.16,0.22,0.38,0.16,0.38,0.07,0.18,0.25,0.07,0.25,Matches,,,
Diego Lainez,2024-2025,24,UANL,mx MEX,1. Liga MX,12,6,608,6.8,0,3,3,0,0,0,0,0,0.6,0.6,2.1,2.7,24,29,65,0.00,0.44,0.44,0.00,0.44,0.09,0.31,0.40,0.09,0.40,Matches,,,
Bruno Rodrigues,2020-2021,19,Braga,,2. Europa Lg,0,0,,,,,,,,,,,,,,,,,,,,,,,,,,,,Matches,,,
Bruno Rodrigues,2021-2022,20,Braga,,2. Europa Lg,4,2,210,2.3,0,0,0,0,0,0,0,0,0.1,0.1,0.0,0.1,1,8,0,0.00,0.00,0.00,0.00,0.00,0.03,0.00,0.03,0.03,0.03,Matches,,,
Bruno Rodrigues,2022-2023,21,Braga,,2. Europa Lg,1,1,90,1.0,1,0,1,1,0,0,0,0,0.6,0.6,0.0,0.6,0,1,0,1.00,0.00,1.00,1.00,1.00,0.55,0.00,0.55,0.55,0.55,Matches,,,
Bruno Rodrigues,2023-2024,22,Chaves,pt POR,1. Primeira Liga,17,16,1352,15.0,0,0,0,0,0,0,4,0,0.6,0.6,0.0,0.6,10,33,2,0.00,0.00,0.00,0.00,0.00,0.04,0.00,0.04,0.04,0.04,Matches,,,
Hernani Infande,2020-2021,19,Braga,,2. Europa Lg,1,0,14,0.2,0,0,0,0,0,0,0,0,0.0,0.0,0.0,0.0,0,0,0,0.00,0.00,0.00,0.00,0.00,0.00,0.00,0.00,0.00,0.00,Matches,,,
Hernani Infande,2021-2022,20,Braga,,2. Europa Lg,0,0,,,,,,,,,,,,,,,,,,,,,,,,,,,,Matches,,,
Hernani Infande,2022-2023,21,Braga,,2. Europa Lg,1,0,32,0.4,0,0,0,0,0,0,1,0,0.2,0.2,0.4,0.5,3,0,4,0.00,0.00,0.00,0.00,0.00,0.45,1.08,1.53,0.45,1.53,Matches,,,
Hernani Infande,2023-2024,22,Moreirense,pt POR,1. Primeira Liga,5,1,84,0.9,1,0,1,1,0,0,0,0,0.5,0.5,0.0,0.5,3,1,4,1.07,0.00,1.07,1.07,1.07,0.53,0.00,0.53,0.53,0.53,Matches,,,
Lukas Hornicek,2020-2021,18,Braga,pt POR,1. Primeira Liga,0,0,,,,,,,,,,,,,,,,,,,,,,,,,,,,Matches,,,
Lukas Hornicek,2021-2022,19,Braga,,2. Europa Lg,0,0,,,,,,,,,,,,,,,,,,,,,,,,,,,,Matches,,,
Lukas Hornicek,2022-2023,20,Braga,,2. Europa Lg,0,0,,,,,,,,,,,,,,,,,,,,,,,,,,,,Matches,,,
Lukas Hornicek,2023-2024,21,Braga,,1. Champions Lg,0,0,,,,,,,,,,,,,,,,,,,,,,,,,,,,Matches,,,
Lukas Hornicek,2024-2025,22,Braga,,2. Europa Lg,2,1,111.0,1.2,0.0,0.0,0.0,0.0,0.0,0.0,0.0,0.0,0.0,0.0,0.0,0.0,0.0,0.0,0.0,0.0,0.0,0.0,0.0,0.0,0.0,0.0,0.0,0.0,0.0,Matches,,,
Pedro Santos,2022-2023,21,Braga,pt POR,1. Primeira Liga,,0,8,0.1,0,0,0,0,0,0,1,0,0.0,0.0,0.1,0.1,0,1,0,0.00,0.00,0.00,0.00,0.00,0.00,0.61,0.61,0.00,0.61,,3rd,3,Matches
Pedro Santos,2023-2024,22,Arouca,pt POR,1. Primeira Liga,,16,1448,16.1,1,0,1,1,0,0,7,0,0.6,0.6,0.9,1.4,29,124,37,0.06,0.00,0.06,0.06,0.06,0.03,0.05,0.09,0.03,0.09,,7th,28,Matches
Pedro Santos,2024-2025,23,Arouca,pt POR,1. Primeira Liga,,4,524,5.8,0,0,0,0,0,0,1,0,0.3,0.3,0.0,0.3,8,33,19,0.00,0.00,0.00,0.00,0.00,0.06,0.00,0.06,0.05,0.06,,18th,14,Matches
Diogo Fonseca,2022-2023,20,Braga,pt POR,1. Primeira Liga,0,0,,,,,,,,,,,,,,,,,,,,,,,,,,,,Matches,,,
Diogo Fonseca,2023-2024,21,Braga,,1. Champions Lg,1,0,18,0.2,0,0,0,0,0,0,0,0,0.4,0.4,0.0,0.4,1,0,6,0.00,0.00,0.00,0.00,0.00,1.76,0.00,1.76,1.76,1.76,Matches,,,
Rodrigo Macedo,2022-2023,19,Braga,pt POR,1. Primeira Liga,,0,,,,,,,,,,,,,,,,,,,,,,,,,,,,,3rd,0,Matches
Rodrigo Macedo,2023-2024,20,Moreirense,pt POR,1. Primeira Liga,,0,65,0.7,0,0,0,0,0,0,0,0,0.4,0.4,0.0,0.4,2,2,5,0.00,0.00,0.00,0.00,0.00,0.52,0.00,0.52,0.52,0.52,,6th,5,Matches
Lucas Mineiro,2020-2021,24,Gil Vicente FC,pt POR,1. Primeira Liga,33,27,2485,27.6,2,1,3,2,0,1,5,1,3.0,2.2,0.4,2.6,29,105,45,0.07,0.04,0.11,0.07,0.11,0.11,0.02,0.12,0.08,0.10,Matches,,,
Lucas Mineiro,2021-2022,25,Braga,,2. Europa Lg,9,2,302,3.4,0,0,0,0,0,0,1,0,0.5,0.5,0.2,0.6,1,8,3,0.00,0.00,0.00,0.00,0.00,0.15,0.05,0.20,0.15,0.20,Matches,,,
Lucas Mineiro,2022-2023,26,Braga,pt POR,1. Primeira Liga,0,0,,,,,,,,,,,,,,,,,,,,,,,,,,,,Matches,,,
Antonio Adan,2010-2011,23,Real Madrid,,1. Champions Lg,1,0,45,0.5,0,0,0,0,0,0,0,0,,,,,,,,0.00,0.00,0.00,0.00,0.00,,,,,,Matches,,,
Antonio Adan,2011-2012,24,Real Madrid,,1. Champions Lg,2,2,180,2.0,0,0,0,0,0,0,0,0,,,,,,,,0.00,0.00,0.00,0.00,0.00,,,,,,Matches,,,
Antonio Adan,2012-2013,25,Real Madrid,,1. Champions Lg,1,1,90,1.0,0,0,0,0,0,0,0,0,,,,,,,,0.00,0.00,0.00,0.00,0.00,,,,,,Matches,,,
Antonio Adan,2013-2014,26,Betis,,2. Europa Lg,4,4,390,4.3,0,0,0,0,0,0,1,0,,,,,,,,0.00,0.00,0.00,0.00,0.00,,,,,,Matches,,,
Antonio Adan,2014-2015,27,Betis,es ESP,Copa del Rey,0,0,,,,,,,,,,,,,,,,,,,,,,,,,,,,Matches,,,
Antonio Adan,2015-2016,28,Betis,es ESP,Copa del Rey,1,1,90,1.0,0,0,0,0,0,0,0,0,,,,,,,,0.00,0.00,0.00,0.00,0.00,,,,,,Matches,,,
Antonio Adan,2016-2017,29,Betis,es ESP,1. La Liga,37,37,3330,37.0,0,0,0,0,0,0,5,0,,,,,,,,0.00,0.00,0.00,0.00,0.00,,,,,,Matches,,,
Antonio Adan,2017-2018,30,Betis,es ESP,Copa del Rey,0,0,,,,,,,,,,,,,,,,,,,,,,,,,,,,Matches,,,
Antonio Adan,2018-2019,31,Atlético Madrid,,1. Champions Lg,0,0,,,,,,,,,,,,,,,,,,,,,,,,,,,,Matches,,,
Antonio Adan,2019-2020,32,Atlético Madrid,,1. Champions Lg,0,0,,,,,,,,,,,,,,,,,,,,,,,,,,,,Matches,,,
Antonio Adan,2020-2021,33,Sporting CP,pt POR,1. Primeira Liga,32,32,2880,32.0,0,1,1,0,0,0,5,0,0.0,0.0,0.2,0.2,0,0,0,0.00,0.03,0.03,0.00,0.03,0.00,0.01,0.01,0.00,0.01,Matches,,,
Antonio Adan,2021-2022,34,Sporting CP,,1. Champions Lg,7,7,630,7.0,0,0,0,0,0,0,1,0,0.0,0.0,0.0,0.0,0,0,0,0.00,0.00,0.00,0.00,0.00,0.00,0.00,0.00,0.00,0.00,Matches,,,
Antonio Adan,2022-2023,35,Sporting CP,,1. Champions Lg,5,5,382,4.2,0,0,0,0,0,0,0,1,0.0,0.0,0.0,0.0,0,0,0,0.00,0.00,0.00,0.00,0.00,0.00,0.00,0.00,0.00,0.00,Matches,,,
Antonio Adan,2023-2024,36,Sporting CP,,2. Europa Lg,6,6,540,6.0,0,0,0,0,0,0,0,0,0.0,0.0,0.0,0.0,0,0,0,0.00,0.00,0.00,0.00,0.00,0.00,0.00,0.00,0.00,0.00,Matches,,,
Manuel Ugarte Ribeiro,2020-2021,19,Famalicão,pt POR,1. Primeira Liga,20,18,1512,16.8,1,2,3,1,0,0,4,1,1.5,1.5,0.7,2.2,20,53,23,0.06,0.12,0.18,0.06,0.18,0.09,0.04,0.13,0.09,0.13,Matches,,,
Manuel Ugarte Ribeiro,2021-2022,20,Sporting CP,,1. Champions Lg,4,2,206,2.3,0,0,0,0,0,0,1,0,0.0,0.0,0.0,0.0,0,5,0,0.00,0.00,0.00,0.00,0.00,0.00,0.01,0.01,0.00,0.01,Matches,,,
Manuel Ugarte Ribeiro,2022-2023,21,Sporting CP,,1. Champions Lg,6,6,467,5.2,0,0,0,0,0,0,2,0,0.0,0.0,0.0,0.0,3,10,4,0.00,0.00,0.00,0.00,0.00,0.00,0.00,0.00,0.00,0.00,Matches,,,
Manuel Ugarte Ribeiro,2023-2024,22,Paris S-G,,1. Champions Lg,8,5,391,4.3,0,0,0,0,0,0,2,0,0.1,0.1,0.0,0.1,4,14,2,0.00,0.00,0.00,0.00,0.00,0.02,0.00,0.02,0.02,0.02,Matches,,,
Manuel Ugarte Ribeiro,2024-2025,23,Manchester Utd,eng ENG,EFL Cup,3,3,220,2.4,0,0,0,0,0,0,0,0,,,,,,,,0.00,0.00,0.00,0.00,0.00,,,,,,Matches,,,
Francisco Trincao,2018-2019,18,Braga,pt POR,1. Primeira Liga,6,0,88,1.0,0,0,0,0,0,0,0,0,0.0,0.0,0.1,0.2,5,2,17,0.00,0.00,0.00,0.00,0.00,0.03,0.14,0.16,0.03,0.16,Matches,,,
Francisco Trincao,2019-2020,19,Braga,,2. Europa Lg,6,3,303,3.4,1,2,3,1,0,0,0,0,0.6,0.6,1.2,1.8,14,14,40,0.30,0.59,0.89,0.30,0.89,0.17,0.36,0.53,0.17,0.53,Matches,,,
Francisco Trincao,2020-2021,20,Barcelona,,1. Champions Lg,7,4,334,3.7,0,0,0,0,0,0,1,0,0.9,0.9,0.2,1.1,17,20,43,0.00,0.00,0.00,0.00,0.00,0.25,0.05,0.30,0.25,0.30,Matches,,,
Francisco Trincao,2021-2022,21,Wolves,eng ENG,EFL Cup,1,0,25,0.3,1,0,1,1,0,0,0,0,,,,,,,,3.60,0.00,3.60,3.60,3.60,,,,,,Matches,,,
Francisco Trincao,2022-2023,22,Sporting CP,,1. Champions Lg,6,5,386,4.3,2,0,2,2,0,0,0,0,0.5,0.5,0.4,0.9,7,12,22,0.47,0.00,0.47,0.47,0.47,0.12,0.08,0.21,0.12,0.21,Matches,,,
Francisco Trincao,2023-2024,23,Sporting CP,,2. Europa Lg,8,7,529,5.9,0,2,2,0,0,0,0,0,0.7,0.7,0.5,1.2,13,18,35,0.00,0.34,0.34,0.00,0.34,0.12,0.08,0.20,0.12,0.20,Matches,,,
Francisco Trincao,2024-2025,24,Sporting CP,,1. Champions Lg,6,6,521,5.8,0,1,1,0,0,0,0,0,0.8,0.8,0.8,1.6,19,19,26,0.00,0.17,0.17,0.00,0.17,0.14,0.13,0.27,0.14,0.27,Matches,,,
Hidemasa Morita,2020-2021,25,Santa Clara,pt POR,1. Primeira Liga,20,20,1800,20.0,2,1,3,2,0,0,1,0,1.1,1.1,1.4,2.5,17,115,23,0.10,0.05,0.15,0.10,0.15,0.06,0.07,0.12,0.06,0.12,Matches,,,
Hidemasa Morita,2021-2022,26,Santa Clara,pt POR,1. Primeira Liga,28,25,2276,25.3,1,1,2,1,0,0,6,1,0.9,0.9,1.4,2.3,12,150,34,0.04,0.04,0.08,0.04,0.08,0.04,0.05,0.09,0.04,0.09,Matches,,,
Hidemasa Morita,2022-2023,27,Sporting CP,,1. Champions Lg,5,5,331,3.7,0,1,1,0,0,0,2,0,0.1,0.1,0.2,0.2,4,15,2,0.00,0.27,0.27,0.00,0.27,0.01,0.05,0.06,0.01,0.06,Matches,,,
Hidemasa Morita,2023-2024,28,Sporting CP,,2. Europa Lg,7,4,444,4.9,0,0,0,0,0,0,1,0,0.0,0.0,0.4,0.4,2,24,9,0.00,0.00,0.00,0.00,0.00,0.01,0.08,0.09,0.01,0.09,Matches,,,
Hidemasa Morita,2024-2025,29,Sporting CP,,1. Champions Lg,5,4,307,3.4,0,0,0,0,0,0,1,0,0.1,0.1,0.0,0.1,2,10,2,0.00,0.00,0.00,0.00,0.00,0.02,0.00,0.02,0.02,0.02,Matches,,,
Paulinho,2013-2014,20,Gil Vicente,pt POR,1. Primeira Liga,20,8,932,10.4,1,1,2,1,0,0,4,0,,,,,,,,0.10,0.10,0.19,0.10,0.19,,,,,,Matches,,,
Paulinho,2014-2015,21,Gil Vicente,pt POR,1. Primeira Liga,14,4,477,5.3,1,1,2,1,0,0,2,0,,,,,,,,0.19,0.19,0.38,0.19,0.38,,,,,,Matches,,,
Paulinho,2016-2017,23,Braga,pt POR,1. Primeira Liga,8,8,686,7.6,0,1,1,0,0,0,4,0,,,,,,,,0.00,0.13,0.13,0.00,0.13,,,,,,,,,
Paulinho,2017-2018,24,Braga,,2. Europa Lg,7,6,520,5.8,0,1,1,0,0,0,2,0,0.8,0.8,0.5,1.3,3,18,42,0.00,0.17,0.17,0.00,0.17,0.14,0.08,0.23,0.14,0.23,Matches,,,
Paulinho,2018-2019,25,Braga,pt POR,1. Primeira Liga,29,18,1733,19.3,5,2,7,5,0,0,4,0,8.8,8.8,3.1,12.0,45,72,158,0.26,0.10,0.36,0.26,0.36,0.46,0.16,0.62,0.46,0.62,Matches,,,
Paulinho,2019-2020,26,Braga,,2. Europa Lg,8,7,603,6.7,4,0,4,4,0,0,1,0,3.0,3.0,1.3,4.3,5,14,29,0.60,0.00,0.60,0.60,0.60,0.45,0.20,0.65,0.45,0.65,Matches,,,
Paulinho,2020-2021,27,Braga,,2. Europa Lg,6,5,417,4.6,3,1,4,3,0,0,1,0,1.8,1.8,0.8,2.5,2,9,26,0.65,0.22,0.86,0.65,0.86,0.38,0.17,0.55,0.38,0.55,Matches,,,
Paulinho,2021-2022,28,Sporting CP,,1. Champions Lg,8,7,578,6.4,3,1,4,3,0,0,2,0,3.5,3.5,0.7,4.2,7,15,30,0.47,0.16,0.62,0.47,0.62,0.54,0.11,0.65,0.54,0.65,Matches,,,
Paulinho,2022-2023,29,Sporting CP,,1. Champions Lg,5,2,236,2.6,1,0,1,1,0,0,1,0,0.3,0.3,0.1,0.4,3,10,8,0.38,0.00,0.38,0.38,0.38,0.10,0.04,0.14,0.10,0.14,Matches,,,
Paulinho,2023-2024,30,Sporting CP,,2. Europa Lg,7,5,432,4.8,1,0,1,1,0,0,2,0,1.5,1.5,0.3,1.7,7,7,25,0.21,0.00,0.21,0.21,0.21,0.31,0.05,0.36,0.31,0.36,Matches,,,
Paulinho,2024-2025,31,Toluca,mx MEX,1. Liga MX,17,16,1431,15.9,13,5,18,13,0,1,2,0,9.0,8.2,2.2,10.4,15,24,78,0.82,0.31,1.13,0.82,1.13,0.56,0.14,0.70,0.51,0.65,Matches,,,
Pedro Porro,2017-2018,17,Girona,es ESP,Copa del Rey,1,0,11,0.1,0,0,0,0,0,0,0,0,,,,,,,,0.00,0.00,0.00,0.00,0.00,,,,,,Matches,,,
Pedro Porro,2018-2019,18,Girona,es ESP,Copa del Rey,2,2,180,2.0,1,0,1,1,0,0,1,0,,,,,,,,0.50,0.00,0.50,0.50,0.50,,,,,,Matches,,,
Pedro Porro,2019-2020,19,Valladolid,es ESP,Copa del Rey,1,1,90,1.0,0,0,0,0,0,0,0,0,,,,,,,,0.00,0.00,0.00,0.00,0.00,,,,,,Matches,,,
Pedro Porro,2020-2021,20,Sporting CP,pt POR,1. Primeira Liga,30,30,2503,27.8,3,2,5,3,0,0,4,0,1.8,1.8,5.1,6.8,92,120,125,0.11,0.07,0.18,0.11,0.18,0.06,0.18,0.25,0.06,0.25,Matches,,,
Pedro Porro,2021-2022,21,Sporting CP,,1. Champions Lg,7,7,524,5.8,1,0,1,1,0,0,2,0,0.6,0.3,0.8,1.1,18,22,29,0.17,0.00,0.17,0.17,0.17,0.11,0.13,0.24,0.06,0.19,Matches,,,
Pedro Porro,2022-2023,22,Sporting CP,,1. Champions Lg,5,4,392,4.4,0,1,1,0,0,0,1,0,0.1,0.1,0.5,0.7,11,8,21,0.00,0.23,0.23,0.00,0.23,0.03,0.12,0.15,0.03,0.15,Matches,,,
Pedro Porro,2023-2024,23,Tottenham,eng ENG,FA Cup,2,2,180,2.0,1,0,1,1,0,0,1,0,,,,,,,,0.50,0.00,0.50,0.50,0.50,,,,,,Matches,,,
Pedro Porro,2024-2025,24,Tottenham,eng ENG,EFL Cup,1,1,90,1.0,0,0,0,0,0,0,0,0,,,,,,,,0.00,0.00,0.00,0.00,0.00,,,,,,Matches,,,
Ousmane Diomande,2022-2023,18,Sporting CP,,2. Europa Lg,4,2,271,3.0,0,0,0,0,0,0,1,0,0.3,0.3,0.0,0.3,3,15,2,0.0,0.0,0.0,0.0,0.0,0.09,0.0,0.09,0.09,0.09,Matches,,,
Ousmane Diomande,2023-2024,19,Sporting CP,,2. Europa Lg,8,7,606,6.7,1,0,1,1,0,0,1,0,0.2,0.2,0.1,0.2,1,12,1,0.15,0.0,0.15,0.15,0.15,0.03,0.01,0.04,0.03,0.04,Matches,,,
Ousmane Diomande,2024-2025,20,Sporting CP,,1. Champions Lg,5,5,391,4.3,0,0,0,0,0,0,1,0,0.1,0.1,0.0,0.1,1,10,0,0.0,0.0,0.0,0.0,0.0,0.01,0.0,0.01,0.01,0.01,Matches,,,
Youssef Chermiti,2022-2023,18,Sporting CP,,2. Europa Lg,5,1,131,1.5,0,0,0,0,0,0,0,0,0.0,0.0,0.0,0.0,0,3,6,0.00,0.00,0.00,0.00,0.00,0.00,0.00,0.00,0.00,0.00,Matches,,,
Youssef Chermiti,2023-2024,19,Everton,eng ENG,EFL Cup,1,1,45,0.5,0,0,0,0,0,0,0,0,,,,,,,,0.00,0.00,0.00,0.00,0.00,,,,,,Matches,,,
Youssef Chermiti,2024-2025,20,Everton,eng ENG,Jr. PL2,1,1,64,0.7,0,0,0,0,0,0,0,0,,,,,,,,0.00,0.00,0.00,0.00,0.00,,,,,,Matches,,,
Jerry St Juste,2014-2015,17,Heerenveen,nl NED,1. Eredivisie,0,0,,,,,,,,,,,,,,,,,,,,,,,,,,,,Matches,,,
Jerry St Juste,2015-2016,18,Heerenveen,nl NED,1. Eredivisie,28,27,2363,26.3,1,0,1,1,0,0,4,0,,,,,,,,0.04,0.00,0.04,0.04,0.04,,,,,,Matches,,,
Jerry St Juste,2016-2017,19,Heerenveen,nl NED,1. Eredivisie,27,27,2286,25.4,2,1,3,2,0,0,5,2,,,,,,,,0.08,0.04,0.12,0.08,0.12,,,,,,Matches,,,
Jerry St Juste,2017-2018,20,Feyenoord,,1. Champions Lg,5,4,374,4.2,1,0,1,1,0,0,2,0,0.1,0.1,0.0,0.1,1,6,0,0.24,0.00,0.24,0.24,0.24,0.02,0.00,0.02,0.02,0.02,Matches,,,
Jerry St Juste,2018-2019,21,Feyenoord,nl NED,1. Eredivisie,23,21,1718,19.1,3,1,4,3,0,0,1,1,1.9,1.9,1.9,3.8,76,80,126,0.16,0.05,0.21,0.16,0.21,0.10,0.10,0.20,0.10,0.20,Matches,,,
Jerry St Juste,2019-2020,22,Mainz 05,de GER,1. Bundesliga,25,24,2113,23.5,2,2,4,2,0,0,7,0,0.7,0.7,1.2,1.9,12,56,5,0.09,0.09,0.17,0.09,0.17,0.03,0.05,0.08,0.03,0.08,Matches,,,
Jerry St Juste,2020-2021,23,Mainz 05,de GER,1. Bundesliga,32,32,2880,32.0,0,1,1,0,0,0,4,0,1.9,1.9,0.3,2.2,36,99,13,0.00,0.03,0.03,0.00,0.03,0.06,0.01,0.07,0.06,0.07,Matches,,,
Jerry St Juste,2021-2022,24,Mainz 05,de GER,1. Bundesliga,8,7,604,6.7,1,0,1,1,0,0,0,0,0.8,0.8,0.1,0.9,11,19,5,0.15,0.00,0.15,0.15,0.15,0.11,0.02,0.13,0.11,0.13,Matches,,,
Jerry St Juste,2022-2023,25,Sporting CP,,1. Champions Lg,4,3,189,2.1,0,0,0,0,0,0,1,0,0.0,0.0,0.1,0.1,3,2,1,0.00,0.00,0.00,0.00,0.00,0.01,0.02,0.04,0.01,0.04,Matches,,,
Jerry St Juste,2023-2024,26,Sporting CP,,2. Europa Lg,4,3,268,3.0,0,0,0,0,0,0,0,0,0.0,0.0,0.0,0.0,2,7,2,0.00,0.00,0.00,0.00,0.00,0.00,0.00,0.00,0.00,0.00,Matches,,,
Jerry St Juste,2024-2025,27,Sporting CP,,1. Champions Lg,4,1,173,1.9,0,0,0,0,0,0,1,0,0.0,0.0,0.0,0.0,1,10,1,0.00,0.00,0.00,0.00,0.00,0.00,0.01,0.01,0.00,0.01,Matches,,,
Hector Bellerin,2013-2014,18,Watford,eng ENG,2. Championship,8,6,518,5.8,0,1,1,0,0,0,1,0,,,,,,,,0.00,0.17,0.17,0.00,0.17,,,,,,Matches,,,
Hector Bellerin,2014-2015,19,Arsenal,,1. Champions Lg,4,4,360,4.0,0,0,0,0,0,0,1,0,,,,,,,,0.00,0.00,0.00,0.00,0.00,,,,,,Matches,,,
Hector Bellerin,2015-2016,20,Arsenal,,1. Champions Lg,6,6,528,5.9,0,1,1,0,0,0,0,0,,,,,,,,0.00,0.17,0.17,0.00,0.17,,,,,,Matches,,,
Hector Bellerin,2016-2017,21,Arsenal,,1. Champions Lg,5,5,450,5.0,0,0,0,0,0,0,0,0,,,,,,,,0.00,0.00,0.00,0.00,0.00,,,,,,Matches,,,
Hector Bellerin,2017-2018,22,Arsenal,eng ENG,Community Shield,1,1,120,1.3,0,0,0,0,0,0,1,0,,,,,,,,0.00,0.00,0.00,0.00,0.00,,,,,,Matches,,,
Hector Bellerin,2018-2019,23,Arsenal,eng ENG,EFL Cup,0,0,,,,,,,,,,,,,,,,,,,,,,,,,,,,Matches,,,
Hector Bellerin,2019-2020,24,Arsenal,eng ENG,EFL Cup,2,1,134,1.5,0,1,1,0,0,0,0,0,,,,,,,,0.00,0.67,0.67,0.00,0.67,,,,,,Matches,,,
Hector Bellerin,2020-2021,25,Arsenal,eng ENG,Community Shield,1,1,57,0.6,0,0,0,0,0,0,0,0,,,,,,,,0.00,0.00,0.00,0.00,0.00,,,,,,Matches,,,
Hector Bellerin,2021-2022,26,Betis,es ESP,Copa del Rey,5,4,306,3.4,0,1,1,0,0,0,0,0,,,,,,,,0.00,0.29,0.29,0.00,0.29,,,,,,Matches,,,
Hector Bellerin,2022-2023,27,Barcelona,,1. Champions Lg,2,2,180,2.0,0,0,0,0,0,0,0,0,0.1,0.1,0.1,0.1,3,6,7,0.00,0.00,0.00,0.00,0.00,0.03,0.03,0.07,0.03,0.07,Matches,,,
Hector Bellerin,2023-2024,28,Betis,,3. Conf Lg,2,0,62,0.7,0,0,0,0,0,0,0,0,0.0,0.0,0.0,0.0,1,2,10,0.00,0.00,0.00,0.00,0.00,0.04,0.00,0.04,0.04,0.04,Matches,,,
Hector Bellerin,2024-2025,29,Betis,,3. Conf Lg,1,0,29,0.3,0,0,0,0,0,0,0,0,0.0,0.0,0.0,0.0,0,0,4,0.00,0.00,0.00,0.00,0.00,0.06,0.00,0.06,0.06,0.06,Matches,,,
Rochinha,2014-2015,19,Bolton,eng ENG,2. Championship,4,4,244,2.7,0,0,0,0,0,0,0,0,,,,,,,,0.00,0.00,0.00,0.00,0.00,,,,,,Matches,,,
Rochinha,2015-2016,20,Standard Liège,be BEL,1. Pro League,2,0,34,0.4,0,0,0,0,0,0,0,0,,,,,,,,0.00,0.00,0.00,0.00,0.00,,,,,,Matches,,,
Rochinha,2016-2017,21,Boavista,pt POR,1. Primeira Liga,9,1,213,2.4,0,0,0,0,0,0,2,0,,,,,,,,0.00,0.00,0.00,0.00,0.00,,,,,,Matches,,,
Rochinha,2017-2018,22,Boavista,pt POR,1. Primeira Liga,27,14,1356,15.1,2,1,3,2,0,0,5,0,,,,,,,,0.13,0.07,0.20,0.13,0.20,,,,,,Matches,,,
Rochinha,2018-2019,23,Boavista,pt POR,1. Primeira Liga,16,13,1243,13.8,1,1,2,1,0,0,6,0,2.1,2.1,0.8,2.8,28,38,77,0.07,0.07,0.14,0.07,0.14,0.15,0.06,0.21,0.15,0.21,Matches,,,
Rochinha,2019-2020,24,Vitória,,2. Europa Lg,6,2,227,2.5,1,1,2,1,0,0,0,0,0.2,0.2,0.7,1.0,5,5,11,0.40,0.40,0.79,0.40,0.79,0.08,0.29,0.38,0.08,0.38,Matches,,,
Rochinha,2020-2021,25,Vitória,pt POR,1. Primeira Liga,33,23,1958,21.8,6,5,11,6,0,0,2,0,3.3,3.3,3.3,6.6,75,53,142,0.28,0.23,0.51,0.28,0.51,0.15,0.15,0.30,0.15,0.30,Matches,,,
Rochinha,2021-2022,26,Vitória,pt POR,1. Primeira Liga,30,25,1951,21.7,5,1,6,5,0,0,8,0,3.4,3.4,2.5,5.9,50,63,129,0.23,0.05,0.28,0.23,0.28,0.16,0.12,0.27,0.16,0.27,Matches,,,
Rochinha,2022-2023,27,Sporting CP,,1. Champions Lg,1,0,18,0.2,0,0,0,0,0,0,0,0,0.0,0.0,0.1,0.1,0,1,1,0.00,0.00,0.00,0.00,0.00,0.00,0.46,0.46,0.00,0.46,Matches,,,
Rochinha,2023-2024,28,Kasımpaşa,tr TUR,1. Süper Lig,7,1,187,2.1,0,0,0,0,0,0,1,0,,,,,,,,0.00,0.00,0.00,0.00,0.00,,,,,,Matches,,,
Rochinha,2024-2025,29,Famalicão,pt POR,1. Primeira Liga,13,12,793,8.8,0,0,0,0,0,0,2,0,0.5,0.5,0.6,1.0,14,26,32,0.00,0.00,0.00,0.00,0.00,0.05,0.07,0.12,0.05,0.12,Matches,,,
Franco Israel,2020-2021,20,Juventus,,1. Champions Lg,0,0,,,,,,,,,,,,,,,,,,,,,,,,,,,,Matches,,,
Franco Israel,2021-2022,21,Juventus,it ITA,1. Serie A,0,0,,,,,,,,,,,,,,,,,,,,,,,,,,,,Matches,,,
Franco Israel,2022-2023,22,Sporting CP,,1. Champions Lg,2,1,155,1.7,0,0,0,0,0,0,0,0,0.0,0.0,0.0,0.0,0,0,0,0.00,0.00,0.00,0.00,0.00,0.00,0.00,0.00,0.00,0.00,Matches,,,
Franco Israel,2023-2024,23,Sporting CP,,2. Europa Lg,4,4,360,4.0,0,0,0,0,0,0,0,0,0.0,0.0,0.0,0.0,0,0,0,0.00,0.00,0.00,0.00,0.00,0.00,0.00,0.00,0.00,0.00,Matches,,,
Franco Israel,2024-2025,24,Sporting CP,,1. Champions Lg,6,6,540,6.0,0,0,0,0,0,0,0,0,0.0,0.0,0.0,0.0,0,0,0,0.00,0.00,0.00,0.00,0.00,0.00,0.00,0.00,0.00,0.00,Matches,,,
Dario Essugo,2020-2021,15,Sporting CP,pt POR,1. Primeira Liga,1,0,7,0.1,0,0,0,0,0,0,0,0,0.0,0.0,0.0,0.0,0,0,0,0.00,0.00,0.00,0.00,0.00,0.00,0.00,0.00,0.00,0.00,Matches,,,
Dario Essugo,2021-2022,16,Sporting CP,,1. Champions Lg,1,0,10,0.1,0,0,0,0,0,0,0,0,0.0,0.0,0.0,0.0,0,1,0,0.00,0.00,0.00,0.00,0.00,0.00,0.00,0.00,0.00,0.00,Matches,,,
Dario Essugo,2022-2023,17,Sporting CP,,1. Champions Lg,1,0,28,0.3,0,0,0,0,0,0,0,0,0.0,0.0,0.0,0.0,0,1,0,0.00,0.00,0.00,0.00,0.00,0.00,0.00,0.00,0.00,0.00,Matches,,,
Dario Essugo,2023-2024,18,Sporting CP,,2. Europa Lg,1,0,35,0.4,0,0,0,0,0,0,0,0,0.0,0.0,0.2,0.2,2,2,1,0.00,0.00,0.00,0.00,0.00,0.00,0.40,0.40,0.00,0.40,Matches,,,
Dario Essugo,2024-2025,19,Las Palmas,es ESP,Copa del Rey,0,0,,,,,,,,,,,,,,,,,,,,,,,,,,,,Matches,,,
Flavio Nazinho,2020-2021,17,Sporting CP,pt POR,1. Primeira Liga,0,0,,,,,,,,,,,,,,,,,,,,,,,,,,,,Matches,,,
Flavio Nazinho,2021-2022,18,Sporting CP,,1. Champions Lg,2,0,21,0.2,0,0,0,0,0,0,0,0,0.1,0.1,0.0,0.1,0,1,2,0.00,0.00,0.00,0.00,0.00,0.32,0.00,0.32,0.32,0.32,Matches,,,
Flavio Nazinho,2022-2023,19,Sporting CP,,1. Champions Lg,3,0,120,1.3,0,0,0,0,0,0,0,0,0.4,0.4,0.0,0.5,1,0,4,0.00,0.00,0.00,0.00,0.00,0.33,0.01,0.35,0.33,0.35,Matches,,,
Flavio Nazinho,2023-2024,20,Cercle Brugge,be BEL,1. Pro League A,20,14,1130,12.6,1,0,1,1,0,0,5,1,0.2,0.2,1.6,1.9,29,43,42,0.08,0.00,0.08,0.08,0.08,0.02,0.13,0.15,0.02,0.15,Matches,,,
Flavio Nazinho,2024-2025,21,Cercle Brugge,,3. Conf Lg,2,1,105,1.2,0,0,0,0,0,0,1,0,0.1,0.1,0.2,0.3,3,7,6,0.00,0.00,0.00,0.00,0.00,0.06,0.16,0.23,0.06,0.23,Matches,,,
Abdul Fatawu Issahaku,2022-2023,18,Sporting CP,,1. Champions Lg,2,0,89,1.0,0,0,0,0,0,0,0,0,0.1,0.1,0.0,0.1,1,0,2,0.00,0.00,0.00,0.00,0.00,0.11,0.00,0.11,0.11,0.11,Matches,,,
Abdul Fatawu Issahaku,2023-2024,19,Leicester City,eng ENG,2. Championship,40,33,2814,31.3,6,13,19,6,0,0,6,1,4.7,4.7,11.7,16.4,144,116,396,0.19,0.42,0.61,0.19,0.61,0.15,0.37,0.53,0.15,0.53,Matches,,,
Abdul Fatawu Issahaku,2024-2025,20,Leicester City,eng ENG,EFL Cup,2,1,128,1.4,0,0,0,0,0,0,0,0,,,,,,,,0.00,0.00,0.00,0.00,0.00,,,,,,Matches,,,
Mateus Fernandes,2022-2023,18,Sporting CP,,1. Champions Lg,1,0,30,0.3,0,0,0,0,0,0,0,0,0.0,0.0,0.0,0.0,0,0,0,0.00,0.00,0.00,0.00,0.00,0.00,0.00,0.00,0.00,0.00,Matches,,,
Mateus Fernandes,2023-2024,19,Estoril,pt POR,1. Primeira Liga,28,25,2233,24.8,1,2,3,1,0,0,6,0,0.3,0.3,2.8,3.1,62,132,53,0.04,0.08,0.12,0.04,0.12,0.01,0.11,0.12,0.01,0.12,Matches,,,
Mateus Fernandes,2024-2025,20,Southampton,eng ENG,EFL Cup,4,3,295,3.3,1,2,3,1,0,0,0,0,,,,,,,,0.31,0.61,0.92,0.31,0.92,,,,,,Matches,,,
Mateo Tanlongo,2022-2023,18,Sporting CP,,2. Europa Lg,3,0,21,0.2,0,0,0,0,0,0,1,0,0.0,0.0,0.0,0.0,0,3,0,0.00,0.00,0.00,0.00,0.00,0.00,0.00,0.00,0.00,0.00,Matches,,,
Mateo Tanlongo,2023-2024,19,FC Copenhagen,,1. Champions Lg,0,0,,,,,,,,,,,,,,,,,,,,,,,,,,,,Matches,,,
Sotiris Alexandropoulos,2019-2020,17,Panathinaikos,gr GRE,1. Super League,10,4,373,4.1,0,0,0,0,0,0,0,0,,,,,,,,0.00,0.00,0.00,0.00,0.00,,,,,,Matches,,,
Sotiris Alexandropoulos,2020-2021,18,Panathinaikos,gr GRE,1. Super League,28,22,1916,21.3,0,1,1,0,0,0,10,0,,,,,,,,0.00,0.05,0.05,0.00,0.05,,,,,,Matches,,,
Sotiris Alexandropoulos,2021-2022,19,Panathinaikos,gr GRE,1. Super League,29,17,1589,17.7,1,1,2,1,0,0,6,0,,,,,,,,0.06,0.06,0.11,0.06,0.11,,,,,,Matches,,,
Sotiris Alexandropoulos,2022-2023,20,Sporting CP,,1. Champions Lg,3,0,121,1.3,0,0,0,0,0,0,0,0,0.1,0.1,0.0,0.1,0,3,0,0.00,0.00,0.00,0.00,0.00,0.06,0.00,0.06,0.06,0.06,Matches,,,
Sotiris Alexandropoulos,2023-2024,21,Olympiacos,,3. Conf Lg,1,1,61,0.7,0,0,0,0,0,0,1,0,0.1,0.1,0.0,0.1,2,2,1,0.00,0.00,0.00,0.00,0.00,0.10,0.04,0.14,0.10,0.14,Matches,,,
Sotiris Alexandropoulos,2024-2025,22,Standard Liège,be BEL,1. Pro League A,16,2,271,3.0,0,0,0,0,0,0,1,0,0.2,0.2,0.3,0.5,5,25,7,0.00,0.00,0.00,0.00,0.00,0.07,0.11,0.18,0.07,0.18,Matches,,,
Afonso Bastardo,2022-2023,17,Sporting CP,pt POR,1. Primeira Liga,,0,,,,,,,,,,,,,,,,,,,,,,,,,,,,,4th,0,Matches
Afonso Bastardo,2023-2024,18,Sporting CP,pt POR,1. Primeira Liga,,0,25,0.3,0,0,0,0,0,0,0,0,0.0,0.0,0.0,0.0,2,3,7,0.00,0.00,0.00,0.00,0.00,0.00,0.00,0.00,0.00,0.00,,1st,1,Matches
Andre Paulo,2020-2021,23,Sporting CP,pt POR,1. Primeira Liga,,0,25.0,0.3,0.0,0.0,0.0,0.0,0.0,0.0,0.0,0.0,0.0,0.0,0.0,0.0,0.0,0.0,0.0,0.0,0.0,0.0,0.0,0.0,0.0,0.0,0.0,0.0,0.0,,1st,1,Matches
Andre Paulo,2021-2022,24,Sporting CP,pt POR,1. Primeira Liga,,0,12.0,0.1,0.0,0.0,0.0,0.0,0.0,0.0,0.0,0.0,0.0,0.0,0.0,0.0,0.0,0.0,0.0,0.0,0.0,0.0,0.0,0.0,0.0,0.0,0.0,0.0,0.0,,2nd,1,Matches
Andre Paulo,2022-2023,25,Sporting CP,pt POR,1. Primeira Liga,,0,,,,,,,,,,,,,,,,,,,,,,,,,,,,,4th,0,Matches
Francisco Silva,2022-2023,16,Sporting CP,pt POR,1. Primeira Liga,,0,,,,,,,,,,,,,,,,,,,,,,,,,,,,,4th,0,Matches
Francisco Silva,2023-2024,17,Sporting CP,pt POR,1. Primeira Liga,,0,9.0,0.1,0.0,0.0,0.0,0.0,0.0,0.0,0.0,0.0,0.0,0.0,0.0,0.0,0.0,0.0,0.0,0.0,0.0,0.0,0.0,0.0,0.0,0.0,0.0,0.0,0.0,,1st,1,Matches
Ignacio De Arruabarrena,2014-2015,17,Wanderers,uy URU,1. Uruguayan Primera División,0,0,,,,,,,,,,,,,,,,,,,,,,,,,,,,Matches,,,
Ignacio De Arruabarrena,2015-2016,18,Wanderers,uy URU,1. Uruguayan Primera División,0,0,,,,,,,,,,,,,,,,,,,,,,,,,,,,Matches,,,
Ignacio De Arruabarrena,2022-2023,25,Arouca,pt POR,1. Primeira Liga,30,30,2699,30.0,0,1,1,0,0,0,5,0,0.0,0.0,0.4,0.4,0,0,0,0.00,0.03,0.03,0.00,0.03,0.00,0.01,0.01,0.00,0.01,Matches,,,
Ignacio De Arruabarrena,2023-2024,26,Arouca,pt POR,1. Primeira Liga,31,31,2790,31.0,0,0,0,0,0,0,4,0,0.0,0.0,0.0,0.0,0,1,1,0.00,0.00,0.00,0.00,0.00,0.00,0.00,0.00,0.00,0.00,Matches,,,
Ignacio De Arruabarrena,2024-2025,27,Al-Wehda,sa KSA,1. Saudi Professional League,2,2,180,2.0,0,0,0,0,0,0,0,0,,,,,,,,0.00,0.00,0.00,0.00,0.00,,,,,,Matches,,,
David Simao,2010-2011,20,Paços,pt POR,1. Primeira Liga,25,19,1575,17.5,0,1,1,0,0,1,7,1,,,,,,,,0.00,0.06,0.06,0.00,0.06,,,,,,Matches,,,
David Simao,2011-2012,21,Académica,pt POR,1. Primeira Liga,11,7,609,6.8,1,0,1,1,0,0,5,0,,,,,,,,0.15,0.00,0.15,0.15,0.15,,,,,,Matches,,,
David Simao,2012-2013,22,Marítimo,,2. Europa Lg,5,2,195,2.2,0,0,0,0,0,0,2,0,,,,,,,,0.00,0.00,0.00,0.00,0.00,,,,,,Matches,,,
David Simao,2013-2014,23,Arouca,pt POR,1. Primeira Liga,29,26,2303,25.6,3,0,3,1,2,2,8,0,,,,,,,,0.12,0.00,0.12,0.04,0.04,,,,,,Matches,,,
David Simao,2014-2015,24,Arouca,pt POR,1. Primeira Liga,32,31,2618,29.1,3,0,3,1,2,4,10,1,,,,,,,,0.10,0.00,0.10,0.03,0.03,,,,,,Matches,,,
David Simao,2015-2016,25,Arouca,pt POR,1. Primeira Liga,18,16,1233,13.7,4,3,7,1,3,3,10,0,,,,,,,,0.29,0.22,0.51,0.07,0.29,,,,,,Matches,,,
David Simao,2016-2017,26,CSKA Sofia,bg BUL,1. First League,22,17,1521,16.9,3,2,5,2,1,1,7,1,,,,,,,,0.18,0.12,0.30,0.12,0.24,,,,,,Matches,,,
David Simao,2017-2018,27,CSKA Sofia,bg BUL,1. First League,2,2,144,1.6,0,0,0,0,0,0,0,0,,,,,,,,0.00,0.00,0.00,0.00,0.00,,,,,,Matches,,,
David Simao,2018-2019,28,Antwerp,be BEL,1. First Division A,12,3,308,3.4,0,0,0,0,0,0,1,0,0.5,0.5,0.9,1.5,4,22,9,0.00,0.00,0.00,0.00,0.00,0.16,0.28,0.43,0.16,0.43,Matches,,,
David Simao,2019-2020,29,AEK Athens,gr GRE,1. Super League,4,1,188,2.1,0,0,0,0,0,0,0,0,,,,,,,,0.00,0.00,0.00,0.00,0.00,,,,,,Matches,,,
David Simao,2020-2021,30,Moreirense,pt POR,1. Primeira Liga,16,6,609,6.8,0,2,2,0,0,0,5,0,0.8,0.7,0.8,1.5,7,29,7,0.00,0.30,0.30,0.00,0.30,0.11,0.12,0.23,0.10,0.22,Matches,,,
David Simao,2021-2022,31,Arouca,pt POR,1. Primeira Liga,15,15,1125,12.5,1,2,3,1,0,0,4,1,0.5,0.5,1.5,2.0,5,44,26,0.08,0.16,0.24,0.08,0.24,0.04,0.12,0.16,0.04,0.16,Matches,,,
David Simao,2022-2023,32,Arouca,pt POR,1. Primeira Liga,31,30,2580,28.7,0,4,4,0,0,0,7,0,0.5,0.5,1.7,2.2,16,139,36,0.00,0.14,0.14,0.00,0.14,0.02,0.06,0.08,0.02,0.08,Matches,,,
David Simao,2023-2024,33,Arouca,pt POR,1. Primeira Liga,32,31,2557,28.4,0,7,7,0,0,0,9,1,0.3,0.3,3.9,4.2,17,218,41,0.00,0.25,0.25,0.00,0.25,0.01,0.14,0.15,0.01,0.15,Matches,,,
David Simao,2024-2025,34,Arouca,pt POR,1. Primeira Liga,14,13,1053,11.7,1,0,1,1,0,0,5,0,0.2,0.2,0.8,1.0,8,92,27,0.09,0.00,0.09,0.09,0.09,0.02,0.07,0.08,0.02,0.08,Matches,,,
